Year,Player,Pos,Age,Tm,G,GS,MP,PER,TS%,3PAr,FTr,ORB%,DRB%,TRB%,AST%,STL%,BLK%,TOV%,USG%,OWS,DWS,WS,WS/48,OBPM,DBPM,BPM,VORP,FG,FGA,FG%,3P,3PA,3P%,2P,2PA,2P%,eFG%,FT,FTA,FT%,ORB,DRB,TRB,AST,STL,BLK,TOV,PF,PTS,Group,Merged_Group
1993.0,Alaa Abdelnaby,PF,24.0,TOT,75.0,52.0,1311.0,13.2,0.551,0.002,0.245,11.0,18.1,14.6,3.0,1.0,1.2,15.6,20.5,0.7,1.3,2.0,0.07400000000000001,-2.3,-1.9,-4.2,-0.7,245.0,473.0,0.518,0.0,1.0,0.0,245.0,472.0,0.519,0.518,88.0,116.0,0.759,126.0,211.0,337.0,27.0,25.0,26.0,97.0,189.0,578.0,0,0
1993.0,Mahmoud Abdul-Rauf,PG,23.0,DEN,81.0,81.0,2710.0,15.6,0.515,0.14,0.165,2.0,6.8,4.4,20.8,1.5,0.2,11.0,25.5,3.0,2.2,5.1,0.091,1.1,-2.1,-1.0,0.7,633.0,1407.0,0.45,70.0,197.0,0.355,563.0,1210.0,0.465,0.475,217.0,232.0,0.935,51.0,174.0,225.0,344.0,84.0,8.0,187.0,179.0,1553.0,3,1
1993.0,Mark Acres,C,30.0,TOT,18.0,7.0,269.0,8.9,0.5710000000000001,0.041,0.327,10.8,17.4,14.0,2.5,0.5,1.4,18.8,11.0,0.1,0.2,0.3,0.056,-3.5,-1.3,-4.9,-0.2,26.0,49.0,0.531,1.0,2.0,0.5,25.0,47.0,0.532,0.541,11.0,16.0,0.688,26.0,41.0,67.0,5.0,3.0,6.0,13.0,34.0,64.0,20,2
1993.0,Michael Adams,PG,30.0,WSB,70.0,70.0,2499.0,15.6,0.5429999999999999,0.255,0.333,2.3,8.6,5.4,30.6,2.0,0.1,15.5,19.2,3.3,1.2,4.6,0.08800000000000001,1.6,-1.6,-0.1,1.2,365.0,831.0,0.439,68.0,212.0,0.321,297.0,619.0,0.48,0.48,237.0,277.0,0.856,52.0,188.0,240.0,526.0,100.0,4.0,175.0,146.0,1035.0,3,1
1993.0,Rafael Addison,SF,28.0,NJN,68.0,15.0,1164.0,8.4,0.484,0.083,0.17,4.2,8.2,6.2,6.8,1.0,0.6,12.7,18.2,-0.1,1.0,0.9,0.038,-3.4,-1.2,-4.6,-0.8,182.0,411.0,0.443,7.0,34.0,0.206,175.0,377.0,0.464,0.451,57.0,70.0,0.8140000000000001,45.0,87.0,132.0,53.0,23.0,11.0,64.0,125.0,428.0,4,3
1993.0,Mark Aguirre,SF,33.0,DET,51.0,15.0,1056.0,13.7,0.525,0.197,0.306,4.3,12.0,8.0,15.3,0.8,0.4,12.4,22.2,1.1,0.7,1.8,0.08199999999999999,-0.3,-1.3,-1.5,0.1,187.0,422.0,0.443,30.0,83.0,0.361,157.0,339.0,0.463,0.479,99.0,129.0,0.767,43.0,109.0,152.0,105.0,16.0,7.0,68.0,101.0,503.0,4,3
1993.0,Danny Ainge,SG,33.0,PHO,80.0,0.0,2163.0,14.3,0.596,0.51,0.199,2.6,8.3,5.5,16.5,1.5,0.2,12.5,17.3,4.5,1.8,6.2,0.139,3.0,-1.3,1.6,2.0,337.0,730.0,0.462,150.0,372.0,0.403,187.0,358.0,0.522,0.564,123.0,145.0,0.848,49.0,165.0,214.0,260.0,69.0,8.0,113.0,175.0,947.0,38,0
1993.0,Victor Alexander,C,23.0,GSW,72.0,59.0,1753.0,14.3,0.5479999999999999,0.033,0.243,8.4,18.4,13.4,7.8,0.9,1.9,14.0,20.0,1.6,1.4,3.0,0.083,-1.2,-0.5,-1.8,0.1,344.0,667.0,0.516,10.0,22.0,0.455,334.0,645.0,0.518,0.523,111.0,162.0,0.685,132.0,288.0,420.0,93.0,34.0,53.0,120.0,218.0,809.0,1,0
1993.0,Kenny Anderson,PG,22.0,NJN,55.0,55.0,2010.0,16.6,0.487,0.029,0.273,2.8,9.5,6.1,34.7,2.4,0.3,13.8,23.1,1.9,2.5,4.4,0.106,1.2,0.2,1.4,1.7,370.0,850.0,0.435,7.0,25.0,0.28,363.0,825.0,0.44,0.439,180.0,232.0,0.7759999999999999,51.0,175.0,226.0,449.0,96.0,11.0,153.0,140.0,927.0,2,0
1993.0,Nick Anderson,SG,25.0,ORL,79.0,76.0,2920.0,17.3,0.524,0.188,0.304,5.0,13.0,9.2,14.7,2.2,1.2,9.9,24.5,4.0,3.7,7.7,0.126,1.7,1.0,2.7,3.5,594.0,1324.0,0.449,88.0,249.0,0.353,506.0,1075.0,0.471,0.482,298.0,402.0,0.741,122.0,355.0,477.0,265.0,128.0,56.0,164.0,200.0,1574.0,3,1
1993.0,Ron Anderson,SF,34.0,PHI,69.0,0.0,1263.0,11.8,0.481,0.221,0.16399999999999998,5.3,10.4,7.9,11.7,1.2,0.2,9.7,21.6,0.0,0.5,0.5,0.019,-1.7,-2.6,-4.3,-0.7,225.0,544.0,0.414,39.0,120.0,0.325,186.0,424.0,0.439,0.449,72.0,89.0,0.809,62.0,122.0,184.0,93.0,31.0,5.0,63.0,75.0,561.0,4,3
1993.0,Willie Anderson,SG,26.0,SAS,38.0,7.0,560.0,8.7,0.461,0.043,0.151,1.5,9.8,5.8,20.4,1.3,0.7,18.2,19.0,-0.6,0.5,-0.1,-0.006999999999999999,-4.2,-1.0,-5.2,-0.5,80.0,186.0,0.43,1.0,8.0,0.125,79.0,178.0,0.444,0.433,22.0,28.0,0.7859999999999999,7.0,50.0,57.0,79.0,14.0,6.0,44.0,52.0,183.0,4,3
1993.0,Greg Anthony,PG,25.0,NYK,70.0,35.0,1699.0,13.7,0.469,0.07200000000000001,0.379,2.8,8.1,5.6,33.3,3.4,0.5,17.5,15.1,1.0,3.6,4.6,0.131,-1.3,2.3,1.1,1.3,174.0,419.0,0.415,4.0,30.0,0.133,170.0,389.0,0.4370000000000001,0.42,107.0,159.0,0.6729999999999999,42.0,128.0,170.0,398.0,113.0,12.0,104.0,141.0,459.0,5,0
1993.0,B.J. Armstrong,PG,25.0,CHI,82.0,74.0,2492.0,14.7,0.57,0.17,0.185,1.2,5.8,3.4,18.6,1.4,0.2,8.6,16.8,5.7,1.7,7.5,0.14400000000000002,1.3,-2.2,-0.9,0.7,408.0,818.0,0.499,63.0,139.0,0.453,345.0,679.0,0.508,0.537,130.0,151.0,0.861,27.0,122.0,149.0,330.0,66.0,6.0,83.0,169.0,1009.0,3,1
1993.0,Vincent Askew,SG,26.0,TOT,73.0,4.0,1129.0,13.1,0.5489999999999999,0.019,0.482,6.3,10.4,8.3,14.6,1.8,1.1,15.6,16.5,1.5,1.2,2.7,0.114,-0.5,0.1,-0.4,0.5,152.0,309.0,0.4920000000000001,2.0,6.0,0.333,150.0,303.0,0.495,0.495,105.0,149.0,0.705,62.0,99.0,161.0,122.0,40.0,19.0,69.0,135.0,411.0,17,4
1993.0,Keith Askins,SF,25.0,MIA,69.0,1.0,935.0,9.3,0.4920000000000001,0.305,0.188,8.9,15.5,12.1,4.8,1.7,2.1,13.8,12.4,0.4,1.0,1.4,0.07200000000000001,-2.1,0.8,-1.3,0.2,88.0,213.0,0.413,22.0,65.0,0.338,66.0,148.0,0.446,0.465,29.0,40.0,0.725,74.0,124.0,198.0,31.0,31.0,29.0,37.0,141.0,227.0,4,3
1993.0,Stacey Augmon,SG,24.0,ATL,73.0,66.0,2112.0,15.2,0.551,0.005,0.388,7.2,8.0,7.6,12.1,2.1,0.5,14.5,21.2,2.5,1.2,3.7,0.084,0.2,-0.6,-0.4,0.9,397.0,792.0,0.501,0.0,4.0,0.0,397.0,788.0,0.504,0.501,227.0,307.0,0.7390000000000001,141.0,146.0,287.0,170.0,91.0,18.0,157.0,141.0,1021.0,6,0
1993.0,Isaac Austin,C,23.0,UTA,46.0,3.0,306.0,11.4,0.491,0.009000000000000001,0.393,14.6,14.8,14.7,2.9,1.3,2.9,14.9,21.7,0.0,0.4,0.3,0.052000000000000005,-3.7,-1.4,-5.1,-0.2,50.0,112.0,0.446,0.0,1.0,0.0,50.0,111.0,0.45,0.446,29.0,44.0,0.659,38.0,41.0,79.0,6.0,8.0,14.0,23.0,60.0,129.0,4,3
1993.0,Anthony Avent,PF,23.0,MIL,82.0,78.0,2285.0,10.2,0.459,0.002,0.214,9.0,17.0,12.9,5.9,1.2,2.1,13.8,19.1,-1.5,1.8,0.3,0.005,-4.3,-0.4,-4.6,-1.5,347.0,802.0,0.433,0.0,2.0,0.0,347.0,800.0,0.434,0.433,112.0,172.0,0.6509999999999999,180.0,332.0,512.0,91.0,57.0,73.0,140.0,237.0,806.0,7,0
1993.0,Thurl Bailey,PF,31.0,MIN,70.0,3.0,1276.0,12.9,0.516,0.0,0.318,5.0,15.2,10.1,7.9,0.8,2.3,10.6,19.8,0.6,0.6,1.2,0.046,-3.3,-1.6,-4.9,-0.9,203.0,446.0,0.455,0.0,0.0,0.0,203.0,446.0,0.455,0.455,119.0,142.0,0.838,53.0,162.0,215.0,61.0,20.0,47.0,60.0,88.0,525.0,8,0
1993.0,Steve Bardo,SG,24.0,DAL,23.0,0.0,175.0,7.7,0.3670000000000001,0.097,0.274,5.7,18.3,11.4,23.9,2.2,1.1,19.7,20.1,-0.4,0.1,-0.3,-0.084,-5.5,-0.3,-5.9,-0.2,19.0,62.0,0.306,1.0,6.0,0.16699999999999998,18.0,56.0,0.321,0.315,12.0,17.0,0.706,10.0,27.0,37.0,29.0,8.0,3.0,17.0,28.0,51.0,4,3
1993.0,Charles Barkley*,PF,29.0,PHO,76.0,76.0,2859.0,25.9,0.596,0.16,0.423,9.5,26.3,18.1,21.2,2.0,1.6,12.5,26.9,9.6,4.8,14.4,0.242,5.9,2.4,8.3,7.5,716.0,1376.0,0.52,67.0,220.0,0.305,649.0,1156.0,0.561,0.545,445.0,582.0,0.765,237.0,691.0,928.0,385.0,119.0,74.0,233.0,196.0,1944.0,9,5
1993.0,Dana Barros,PG,25.0,SEA,69.0,2.0,1243.0,15.0,0.541,0.35700000000000004,0.124,1.7,8.5,5.0,17.2,2.5,0.2,10.4,18.9,2.1,1.4,3.5,0.134,1.5,-1.2,0.3,0.7,214.0,474.0,0.451,64.0,169.0,0.379,150.0,305.0,0.4920000000000001,0.519,49.0,59.0,0.831,18.0,89.0,107.0,151.0,63.0,3.0,58.0,78.0,541.0,18,0
1993.0,Jon Barry,SG,23.0,MIL,47.0,0.0,552.0,9.6,0.453,0.306,0.238,2.1,7.0,4.5,17.8,3.2,0.4,15.6,20.9,-0.5,0.4,-0.1,-0.011,-3.2,-1.8,-4.9,-0.4,76.0,206.0,0.369,21.0,63.0,0.333,55.0,143.0,0.385,0.42,33.0,49.0,0.6729999999999999,10.0,33.0,43.0,68.0,35.0,3.0,42.0,57.0,206.0,4,3
1993.0,John Battle,SG,30.0,CLE,41.0,0.0,497.0,11.1,0.481,0.03,0.36,1.0,5.5,3.3,15.6,0.9,0.6,8.7,22.6,0.1,0.3,0.5,0.047,-3.6,-3.5,-7.1,-0.6,83.0,200.0,0.415,1.0,6.0,0.16699999999999998,82.0,194.0,0.423,0.418,56.0,72.0,0.778,4.0,25.0,29.0,54.0,9.0,5.0,22.0,39.0,223.0,4,3
1993.0,Benoit Benjamin,C,28.0,TOT,59.0,6.0,754.0,13.2,0.529,0.0,0.384,7.7,24.5,16.0,4.3,2.1,4.2,19.8,22.2,-0.5,1.4,0.9,0.057,-5.1,0.8,-4.4,-0.5,133.0,271.0,0.491,0.0,0.0,0.0,133.0,271.0,0.491,0.491,69.0,104.0,0.6629999999999999,51.0,158.0,209.0,22.0,31.0,48.0,78.0,134.0,335.0,4,3
1993.0,Tony Bennett,PG,23.0,CHH,75.0,2.0,857.0,9.3,0.496,0.308,0.158,1.6,6.1,3.9,20.9,1.7,0.0,15.2,15.8,0.3,0.4,0.7,0.039,-1.6,-2.7,-4.3,-0.5,110.0,260.0,0.423,26.0,80.0,0.325,84.0,180.0,0.467,0.473,30.0,41.0,0.732,12.0,51.0,63.0,136.0,30.0,0.0,50.0,110.0,276.0,4,3
1993.0,David Benoit,SF,24.0,UTA,82.0,27.0,1712.0,11.3,0.504,0.166,0.257,8.0,17.8,13.0,3.6,1.3,1.6,12.0,18.8,0.3,2.0,2.3,0.065,-2.6,-0.6,-3.1,-0.5,258.0,592.0,0.436,34.0,98.0,0.34700000000000003,224.0,494.0,0.453,0.465,114.0,152.0,0.75,116.0,276.0,392.0,43.0,45.0,43.0,90.0,201.0,664.0,10,0
1993.0,Rolando Blackman,SG,33.0,NYK,60.0,33.0,1434.0,10.6,0.501,0.135,0.16699999999999998,1.8,5.9,4.0,17.1,0.8,0.5,10.1,19.4,0.9,2.0,2.9,0.097,-1.6,-0.4,-1.9,0.0,239.0,539.0,0.443,31.0,73.0,0.425,208.0,466.0,0.446,0.472,71.0,90.0,0.789,23.0,79.0,102.0,157.0,22.0,10.0,65.0,129.0,580.0,4,3
1993.0,Alex Blackwell,SF,22.0,LAL,27.0,0.0,109.0,8.2,0.373,0.071,0.19,10.4,13.7,12.0,9.1,1.8,1.1,9.9,19.8,-0.1,0.1,0.0,-0.016,-4.9,-1.4,-6.3,-0.1,14.0,42.0,0.333,0.0,3.0,0.0,14.0,39.0,0.359,0.333,6.0,8.0,0.75,10.0,13.0,23.0,7.0,4.0,2.0,5.0,14.0,34.0,4,3
1993.0,Lance Blanks,SG,26.0,MIN,61.0,2.0,642.0,8.4,0.491,0.287,0.213,3.4,9.3,6.4,16.9,1.3,0.5,15.9,13.5,0.0,0.2,0.2,0.013,-2.9,-2.1,-5.0,-0.5,65.0,150.0,0.433,11.0,43.0,0.256,54.0,107.0,0.505,0.47,20.0,32.0,0.625,18.0,50.0,68.0,72.0,16.0,5.0,31.0,61.0,161.0,4,3
1993.0,Mookie Blaylock,PG,25.0,ATL,80.0,78.0,2820.0,17.1,0.515,0.327,0.175,3.4,7.8,5.5,33.6,3.5,0.5,15.3,18.0,4.4,2.6,7.0,0.119,2.5,-0.1,2.5,3.2,414.0,964.0,0.429,118.0,315.0,0.375,296.0,649.0,0.456,0.491,123.0,169.0,0.728,89.0,191.0,280.0,671.0,203.0,23.0,187.0,156.0,1069.0,3,1
1993.0,Muggsy Bogues,PG,28.0,CHH,81.0,80.0,2833.0,14.5,0.503,0.036000000000000004,0.23,2.0,8.9,5.6,32.5,2.7,0.1,16.1,13.9,3.6,2.3,5.9,0.1,0.3,-0.1,0.2,1.5,331.0,730.0,0.453,6.0,26.0,0.231,325.0,704.0,0.462,0.458,140.0,168.0,0.833,51.0,247.0,298.0,711.0,161.0,5.0,154.0,179.0,808.0,3,1
1993.0,Manute Bol,C,30.0,PHI,58.0,23.0,855.0,8.5,0.465,0.252,0.15,5.6,18.8,12.2,2.8,0.8,8.2,27.0,9.2,-0.9,1.1,0.2,0.013,-6.6,4.0,-2.6,-0.1,52.0,127.0,0.409,10.0,32.0,0.313,42.0,95.0,0.442,0.449,12.0,19.0,0.632,44.0,149.0,193.0,18.0,14.0,119.0,50.0,87.0,126.0,4,3
1993.0,Walter Bond,SG,23.0,DAL,74.0,38.0,1578.0,9.0,0.462,0.07400000000000001,0.29600000000000004,3.3,10.8,6.7,11.8,2.3,0.7,14.9,19.4,-1.2,0.4,-0.8,-0.024,-3.6,-1.0,-4.6,-1.0,227.0,565.0,0.402,7.0,42.0,0.16699999999999998,220.0,523.0,0.421,0.408,129.0,167.0,0.772,52.0,144.0,196.0,122.0,75.0,18.0,112.0,223.0,590.0,11,0
1993.0,Anthony Bonner,PF,24.0,SAC,70.0,35.0,1764.0,12.3,0.498,0.014,0.485,11.4,17.5,14.3,7.6,2.3,0.6,14.8,16.4,0.6,1.8,2.4,0.067,-1.6,0.8,-0.8,0.5,229.0,497.0,0.461,0.0,7.0,0.0,229.0,490.0,0.467,0.461,143.0,241.0,0.593,188.0,267.0,455.0,96.0,86.0,17.0,105.0,183.0,601.0,12,0
1993.0,Anthony Bowie,SG,29.0,ORL,77.0,45.0,1761.0,11.2,0.51,0.084,0.14800000000000002,2.5,9.6,6.2,14.9,1.5,0.5,12.2,16.9,0.9,1.6,2.5,0.069,-1.6,-0.1,-1.6,0.2,268.0,569.0,0.471,15.0,48.0,0.313,253.0,521.0,0.486,0.484,67.0,84.0,0.7979999999999999,36.0,158.0,194.0,175.0,54.0,14.0,84.0,131.0,618.0,13,0
1993.0,Sam Bowie,C,31.0,NJN,79.0,65.0,2092.0,13.2,0.5,0.009000000000000001,0.284,8.2,20.9,14.5,8.8,0.8,3.8,14.3,16.8,0.9,3.3,4.3,0.098,-2.5,2.5,0.0,1.0,287.0,638.0,0.45,2.0,6.0,0.333,285.0,632.0,0.451,0.451,141.0,181.0,0.779,158.0,398.0,556.0,127.0,32.0,128.0,120.0,226.0,717.0,9,5
1993.0,Terrell Brandon,PG,22.0,CLE,82.0,8.0,1622.0,16.7,0.53,0.068,0.23,2.7,9.6,6.3,27.4,2.5,1.0,13.5,21.6,1.9,2.1,3.9,0.117,0.1,-0.3,-0.2,0.7,297.0,621.0,0.478,13.0,42.0,0.31,284.0,579.0,0.491,0.489,118.0,143.0,0.825,37.0,142.0,179.0,302.0,79.0,27.0,107.0,122.0,725.0,14,0
1993.0,Randy Breuer,C,32.0,ATL,12.0,0.0,107.0,11.1,0.482,0.0,0.161,10.0,19.5,14.6,7.8,0.9,1.8,13.1,14.8,0.0,0.1,0.1,0.052000000000000005,-3.5,-0.5,-4.0,-0.1,15.0,31.0,0.484,0.0,0.0,0.0,15.0,31.0,0.484,0.484,2.0,5.0,0.4,10.0,18.0,28.0,6.0,2.0,3.0,5.0,12.0,32.0,4,3
1993.0,Frank Brickowski,C,33.0,MIL,66.0,64.0,2075.0,17.0,0.584,0.031,0.321,6.6,16.0,11.3,15.5,1.9,1.4,17.5,23.9,1.9,1.8,3.7,0.085,0.5,0.2,0.7,1.4,456.0,836.0,0.545,8.0,26.0,0.308,448.0,810.0,0.5529999999999999,0.55,195.0,268.0,0.728,120.0,285.0,405.0,196.0,80.0,44.0,202.0,235.0,1115.0,23,0
1993.0,Kevin Brooks,SF,23.0,DEN,55.0,2.0,571.0,8.4,0.453,0.112,0.172,4.1,11.0,7.5,8.7,0.8,0.2,13.5,20.7,-0.4,0.5,0.0,0.002,-4.7,-2.5,-7.2,-0.7,93.0,233.0,0.399,6.0,26.0,0.231,87.0,207.0,0.42,0.412,35.0,40.0,0.875,22.0,59.0,81.0,34.0,10.0,2.0,39.0,46.0,227.0,4,3
1993.0,Scott Brooks,PG,27.0,HOU,82.0,0.0,1516.0,14.1,0.584,0.257,0.35100000000000003,1.8,5.4,3.7,22.6,2.6,0.1,13.9,15.0,2.9,1.7,4.6,0.145,0.4,-1.1,-0.6,0.5,183.0,385.0,0.475,41.0,99.0,0.414,142.0,286.0,0.4970000000000001,0.529,112.0,135.0,0.83,22.0,77.0,99.0,243.0,79.0,3.0,72.0,136.0,519.0,38,0
1993.0,Chucky Brown,SF,24.0,NJN,77.0,20.0,1186.0,11.2,0.523,0.015,0.29600000000000004,8.1,13.3,10.7,6.2,0.8,1.3,13.0,15.2,0.9,1.3,2.2,0.08800000000000001,-2.3,-0.1,-2.4,-0.1,160.0,331.0,0.483,0.0,5.0,0.0,160.0,326.0,0.491,0.483,71.0,98.0,0.7240000000000001,88.0,144.0,232.0,51.0,20.0,24.0,56.0,112.0,391.0,4,3
1993.0,Dee Brown,PG,24.0,BOS,80.0,48.0,2254.0,17.2,0.541,0.117,0.345,2.3,10.0,6.2,28.1,3.1,0.9,14.4,18.2,3.6,2.7,6.4,0.135,1.8,1.2,3.0,2.9,328.0,701.0,0.468,26.0,82.0,0.317,302.0,619.0,0.488,0.486,192.0,242.0,0.7929999999999999,45.0,201.0,246.0,461.0,138.0,32.0,136.0,203.0,874.0,3,1
1993.0,Mike Brown,C,29.0,UTA,82.0,21.0,1551.0,9.4,0.483,0.002,0.401,11.2,17.3,14.4,5.6,1.0,1.0,16.5,16.0,-0.1,1.6,1.5,0.047,-3.1,0.1,-3.0,-0.4,176.0,409.0,0.43,0.0,1.0,0.0,176.0,408.0,0.431,0.43,113.0,164.0,0.6890000000000001,147.0,244.0,391.0,64.0,32.0,23.0,95.0,190.0,465.0,15,0
1993.0,Randy Brown,PG,24.0,SAC,75.0,34.0,1726.0,11.3,0.511,0.012,0.32299999999999995,4.6,9.2,6.8,15.8,3.0,1.2,17.8,15.9,0.2,1.7,1.9,0.052000000000000005,-1.9,1.3,-0.7,0.6,225.0,486.0,0.463,2.0,6.0,0.333,223.0,480.0,0.465,0.465,115.0,157.0,0.732,75.0,137.0,212.0,196.0,108.0,34.0,120.0,206.0,567.0,16,0
1993.0,Mark Bryant,C,27.0,POR,80.0,24.0,1396.0,11.2,0.547,0.003,0.4,10.0,15.5,12.7,4.1,1.3,1.0,13.0,14.7,1.5,1.8,3.2,0.111,-2.0,0.0,-2.0,0.0,186.0,370.0,0.503,0.0,1.0,0.0,186.0,369.0,0.504,0.503,104.0,148.0,0.703,132.0,192.0,324.0,41.0,37.0,23.0,65.0,226.0,476.0,17,4
1993.0,Jud Buechler,SF,24.0,GSW,70.0,9.0,1287.0,11.5,0.495,0.146,0.21600000000000005,7.0,9.9,8.5,9.9,1.8,0.9,11.1,15.7,1.0,0.8,1.8,0.067,-1.0,-0.4,-1.4,0.2,176.0,403.0,0.4370000000000001,20.0,59.0,0.339,156.0,344.0,0.453,0.462,65.0,87.0,0.747,81.0,114.0,195.0,94.0,47.0,19.0,55.0,98.0,437.0,4,3
1993.0,Matt Bullard,PF,25.0,HOU,79.0,4.0,1356.0,13.6,0.546,0.4920000000000001,0.15,5.9,12.3,9.3,12.1,1.1,0.5,9.8,19.0,1.9,1.4,3.4,0.119,1.3,-1.4,0.0,0.7,213.0,494.0,0.431,91.0,243.0,0.374,122.0,251.0,0.486,0.523,58.0,74.0,0.784,66.0,156.0,222.0,110.0,30.0,11.0,57.0,129.0,575.0,18,0
1993.0,Willie Burton,SF,24.0,MIA,26.0,8.0,451.0,10.3,0.518,0.106,0.901,5.5,12.5,8.9,5.4,1.5,2.4,20.3,23.7,-0.3,0.4,0.1,0.012,-4.5,-0.9,-5.4,-0.4,54.0,141.0,0.383,5.0,15.0,0.333,49.0,126.0,0.389,0.401,91.0,127.0,0.7170000000000001,22.0,48.0,70.0,16.0,13.0,16.0,50.0,58.0,204.0,4,3
1993.0,Michael Cage,C,31.0,SEA,82.0,66.0,2156.0,13.2,0.527,0.002,0.313,14.3,21.6,17.9,4.1,1.8,1.4,11.1,10.4,2.9,3.3,6.2,0.13699999999999998,0.0,1.7,1.7,2.0,219.0,416.0,0.526,0.0,1.0,0.0,219.0,415.0,0.528,0.526,61.0,130.0,0.469,268.0,391.0,659.0,69.0,76.0,46.0,59.0,183.0,499.0,24,0
1993.0,Dexter Cambridge,SF,23.0,DAL,53.0,13.0,885.0,12.1,0.52,0.013,0.317,9.9,10.6,10.2,10.4,1.3,0.4,15.1,19.3,0.4,0.0,0.4,0.022,-1.3,-2.0,-3.3,-0.3,151.0,312.0,0.484,0.0,4.0,0.0,151.0,308.0,0.49,0.484,68.0,99.0,0.687,88.0,79.0,167.0,58.0,24.0,6.0,63.0,128.0,370.0,4,3
1993.0,Elden Campbell,PF,24.0,LAL,79.0,13.0,1551.0,14.2,0.4970000000000001,0.006,0.392,9.2,15.2,12.2,4.5,1.9,4.0,10.2,18.7,0.8,1.9,2.6,0.08199999999999999,-2.6,0.8,-1.9,0.1,238.0,520.0,0.458,0.0,3.0,0.0,238.0,517.0,0.46,0.458,130.0,204.0,0.637,127.0,205.0,332.0,48.0,59.0,100.0,69.0,165.0,606.0,19,0
1993.0,Tony Campbell,SF,30.0,NYK,58.0,13.0,1062.0,11.6,0.517,0.013,0.22,6.4,9.8,8.1,9.4,1.6,0.3,10.5,19.8,0.7,1.9,2.5,0.115,-1.7,0.8,-0.8,0.3,194.0,396.0,0.49,2.0,5.0,0.4,192.0,391.0,0.491,0.4920000000000001,59.0,87.0,0.6779999999999999,59.0,96.0,155.0,62.0,34.0,5.0,51.0,150.0,449.0,4,3
1993.0,Antoine Carr,PF,31.0,SAS,71.0,46.0,1947.0,16.1,0.58,0.006999999999999999,0.318,6.6,15.8,11.4,7.8,0.9,2.8,10.7,20.3,3.2,2.3,5.5,0.136,0.2,0.6,0.8,1.4,379.0,705.0,0.5379999999999999,0.0,5.0,0.0,379.0,700.0,0.541,0.5379999999999999,174.0,224.0,0.777,107.0,281.0,388.0,97.0,35.0,87.0,96.0,264.0,932.0,9,5
1993.0,Bill Cartwright,C,35.0,CHI,63.0,63.0,1253.0,8.3,0.458,0.0,0.28600000000000003,7.4,14.3,10.7,8.7,0.8,0.5,13.8,15.5,0.1,1.1,1.2,0.048,-3.5,-0.8,-4.3,-0.7,141.0,343.0,0.411,0.0,0.0,0.0,141.0,343.0,0.411,0.411,72.0,98.0,0.735,83.0,150.0,233.0,83.0,20.0,10.0,62.0,154.0,354.0,4,3
1993.0,Terry Catledge,PF,29.0,ORL,21.0,1.0,262.0,8.5,0.563,0.0,0.466,8.3,11.4,9.9,2.8,0.8,0.2,22.1,18.6,-0.1,0.2,0.1,0.027000000000000003,-4.2,-2.0,-6.2,-0.3,36.0,73.0,0.493,0.0,0.0,0.0,36.0,73.0,0.493,0.493,27.0,34.0,0.794,18.0,28.0,46.0,5.0,4.0,1.0,25.0,31.0,99.0,20,2
1993.0,Duane Causwell,C,24.0,SAC,55.0,45.0,1211.0,14.2,0.575,0.003,0.514,9.9,18.2,13.9,4.1,1.3,4.5,12.8,15.2,1.5,1.4,2.9,0.115,-1.6,1.4,-0.2,0.5,175.0,321.0,0.545,0.0,1.0,0.0,175.0,320.0,0.547,0.545,103.0,165.0,0.624,112.0,191.0,303.0,35.0,32.0,87.0,58.0,192.0,453.0,17,4
1993.0,Cedric Ceballos,SF,23.0,PHO,74.0,46.0,1607.0,21.0,0.612,0.003,0.39,12.2,16.0,14.1,7.4,1.6,1.0,12.0,22.6,4.3,1.9,6.2,0.18600000000000005,2.3,-0.9,1.3,1.4,381.0,662.0,0.5760000000000001,0.0,2.0,0.0,381.0,660.0,0.5770000000000001,0.5760000000000001,187.0,258.0,0.725,172.0,236.0,408.0,77.0,54.0,28.0,106.0,103.0,949.0,9,5
1993.0,Tom Chambers,PF,33.0,PHO,73.0,0.0,1723.0,14.7,0.529,0.039,0.402,6.4,15.7,11.2,8.4,1.2,0.8,9.8,22.4,2.6,1.8,4.5,0.124,-1.0,-1.2,-2.1,-0.1,320.0,716.0,0.447,11.0,28.0,0.393,309.0,688.0,0.449,0.455,241.0,288.0,0.8370000000000001,96.0,249.0,345.0,101.0,43.0,23.0,92.0,212.0,892.0,21,0
1993.0,Rex Chapman,SG,25.0,WSB,60.0,23.0,1300.0,15.1,0.556,0.193,0.271,1.6,6.1,3.8,14.6,1.4,0.5,10.5,24.6,1.5,0.4,1.9,0.07,0.4,-3.6,-3.2,-0.4,287.0,602.0,0.477,43.0,116.0,0.371,244.0,486.0,0.502,0.512,132.0,163.0,0.81,19.0,69.0,88.0,116.0,38.0,10.0,79.0,119.0,749.0,22,0
1993.0,Maurice Cheeks,PG,36.0,NJN,35.0,0.0,510.0,13.9,0.601,0.022,0.29,1.1,8.0,4.5,28.9,3.2,0.2,23.9,11.3,0.6,0.7,1.3,0.127,-1.6,-0.1,-1.7,0.0,51.0,93.0,0.5479999999999999,0.0,2.0,0.0,51.0,91.0,0.56,0.5479999999999999,24.0,27.0,0.889,5.0,37.0,42.0,107.0,33.0,2.0,33.0,35.0,126.0,20,2
1993.0,Pete Chilcutt,PF,24.0,SAC,59.0,9.0,834.0,13.4,0.502,0.0,0.135,10.3,15.8,12.9,11.8,1.3,1.6,13.0,20.2,0.3,0.7,1.0,0.055,-1.8,-0.5,-2.3,-0.1,165.0,340.0,0.485,0.0,0.0,0.0,165.0,340.0,0.485,0.485,32.0,46.0,0.696,80.0,114.0,194.0,64.0,22.0,21.0,54.0,102.0,362.0,4,3
1993.0,Doug Christie,SG,22.0,LAL,23.0,0.0,332.0,12.4,0.526,0.113,0.623,8.2,9.4,8.8,22.8,3.3,0.9,27.0,23.8,-0.3,0.4,0.1,0.012,-2.1,0.4,-1.7,0.0,45.0,106.0,0.425,2.0,12.0,0.16699999999999998,43.0,94.0,0.457,0.434,50.0,66.0,0.758,24.0,27.0,51.0,53.0,22.0,5.0,50.0,53.0,142.0,4,3
1993.0,Derrick Coleman,PF,25.0,NJN,76.0,73.0,2759.0,21.2,0.54,0.081,0.425,9.7,24.0,16.9,16.1,1.7,2.9,14.3,25.8,4.4,5.1,9.5,0.165,1.9,2.9,4.8,4.8,564.0,1226.0,0.46,23.0,99.0,0.232,541.0,1127.0,0.48,0.469,421.0,521.0,0.8079999999999999,247.0,605.0,852.0,276.0,92.0,126.0,243.0,210.0,1572.0,9,5
1993.0,Bimbo Coles,PG,24.0,MIA,81.0,37.0,2232.0,14.7,0.546,0.2,0.321,2.9,5.7,4.3,26.1,1.8,0.3,12.1,17.3,4.3,1.4,5.7,0.122,1.6,-1.7,-0.1,1.1,318.0,686.0,0.464,42.0,137.0,0.307,276.0,549.0,0.503,0.494,177.0,220.0,0.805,58.0,108.0,166.0,373.0,80.0,11.0,108.0,199.0,855.0,3,1
1993.0,Marty Conlon,C,25.0,SAC,46.0,0.0,467.0,15.9,0.53,0.023,0.474,11.0,18.6,14.6,11.7,1.3,0.7,11.9,20.5,0.6,0.4,1.0,0.105,-0.8,-1.3,-2.1,0.0,81.0,171.0,0.474,0.0,4.0,0.0,81.0,167.0,0.485,0.474,57.0,81.0,0.7040000000000001,48.0,75.0,123.0,37.0,13.0,5.0,28.0,43.0,219.0,4,3
1993.0,Lester Conner,PG,33.0,LAC,31.0,0.0,422.0,11.3,0.526,0.0,0.306,4.1,8.8,6.4,18.6,3.9,0.6,23.0,8.9,0.3,0.6,0.8,0.096,-2.1,2.0,-0.1,0.2,28.0,62.0,0.452,0.0,0.0,0.0,28.0,62.0,0.452,0.452,18.0,19.0,0.947,16.0,33.0,49.0,65.0,34.0,4.0,21.0,39.0,74.0,4,3
1993.0,Duane Cooper,PG,23.0,LAL,65.0,0.0,645.0,7.6,0.45,0.19,0.222,2.3,6.6,4.4,31.5,1.4,0.2,28.5,16.1,-0.7,0.3,-0.4,-0.031,-5.0,-3.4,-8.4,-1.0,62.0,158.0,0.392,7.0,30.0,0.233,55.0,128.0,0.43,0.415,25.0,35.0,0.7140000000000001,13.0,37.0,50.0,150.0,18.0,2.0,69.0,66.0,156.0,4,3
1993.0,Tyrone Corbin,SF,30.0,UTA,82.0,58.0,2555.0,14.4,0.551,0.006999999999999999,0.285,8.9,14.0,11.6,9.8,2.1,0.8,11.1,16.3,3.8,3.0,6.7,0.126,0.9,1.7,2.6,3.0,385.0,766.0,0.503,0.0,5.0,0.0,385.0,761.0,0.506,0.503,180.0,218.0,0.826,194.0,325.0,519.0,173.0,108.0,32.0,108.0,252.0,950.0,9,5
1993.0,Chris Corchiani,PG,24.0,TOT,10.0,0.0,105.0,14.8,0.662,0.125,0.875,1.1,6.1,3.8,22.0,2.8,0.0,19.4,16.9,0.2,0.1,0.3,0.159,0.3,-1.3,-1.0,0.0,14.0,24.0,0.583,0.0,3.0,0.0,14.0,21.0,0.667,0.583,16.0,21.0,0.762,1.0,6.0,7.0,16.0,6.0,0.0,8.0,18.0,44.0,20,2
1993.0,Joe Courtney,PF,23.0,TOT,12.0,0.0,104.0,8.8,0.459,0.0,0.281,4.3,16.1,10.2,3.9,2.4,3.0,14.3,16.8,-0.1,0.1,0.1,0.032,-5.9,0.4,-5.5,-0.1,13.0,32.0,0.406,0.0,0.0,0.0,13.0,32.0,0.406,0.406,7.0,9.0,0.778,4.0,15.0,19.0,3.0,5.0,5.0,6.0,17.0,33.0,4,3
1993.0,John Crotty,PG,23.0,UTA,40.0,0.0,243.0,13.2,0.575,0.194,0.528,1.9,5.9,4.0,32.7,2.3,0.0,25.3,21.0,0.1,0.2,0.3,0.057,-1.5,-2.9,-4.4,-0.1,37.0,72.0,0.514,2.0,14.0,0.14300000000000002,35.0,58.0,0.603,0.528,26.0,38.0,0.684,4.0,13.0,17.0,55.0,11.0,0.0,30.0,29.0,102.0,20,2
1993.0,Radisav Curcic,C,27.0,DAL,20.0,0.0,166.0,13.5,0.51,0.0,0.878,10.2,22.9,16.0,10.2,2.0,0.8,12.3,15.9,0.2,0.1,0.3,0.086,-2.2,-0.5,-2.7,0.0,16.0,41.0,0.39,0.0,0.0,0.0,16.0,41.0,0.39,0.39,26.0,36.0,0.722,17.0,32.0,49.0,12.0,7.0,2.0,8.0,30.0,58.0,4,3
1993.0,Dell Curry,SG,28.0,CHH,80.0,0.0,2094.0,16.0,0.524,0.215,0.142,2.8,11.5,7.3,13.2,2.0,0.6,9.9,25.6,1.7,1.7,3.4,0.077,0.8,-1.6,-0.8,0.6,498.0,1102.0,0.452,95.0,237.0,0.401,403.0,865.0,0.466,0.495,136.0,157.0,0.866,51.0,235.0,286.0,180.0,87.0,23.0,129.0,150.0,1227.0,3,1
1993.0,Lloyd Daniels,SG,25.0,SAS,77.0,10.0,1573.0,12.9,0.51,0.275,0.154,6.6,9.1,7.9,14.4,1.2,1.2,12.9,22.1,0.5,1.3,1.8,0.056,0.2,-1.0,-0.8,0.5,285.0,644.0,0.443,59.0,177.0,0.333,226.0,467.0,0.484,0.488,72.0,99.0,0.727,86.0,130.0,216.0,148.0,38.0,30.0,102.0,144.0,701.0,18,0
1993.0,Brad Daugherty,C,27.0,CLE,71.0,71.0,2691.0,22.0,0.635,0.002,0.54,7.3,22.9,15.5,17.3,1.0,1.3,11.7,21.1,8.8,3.9,12.7,0.226,3.7,1.5,5.2,4.9,520.0,911.0,0.5710000000000001,1.0,2.0,0.5,519.0,909.0,0.5710000000000001,0.5710000000000001,391.0,492.0,0.795,164.0,562.0,726.0,312.0,53.0,56.0,150.0,174.0,1432.0,23,0
1993.0,Dale Davis,PF,23.0,IND,82.0,82.0,2264.0,16.3,0.573,0.0,0.421,14.2,20.7,17.5,4.2,1.4,4.1,11.1,13.3,4.0,2.9,6.9,0.146,0.5,1.8,2.4,2.5,304.0,535.0,0.568,0.0,0.0,0.0,304.0,535.0,0.568,0.568,119.0,225.0,0.529,291.0,432.0,723.0,69.0,63.0,148.0,79.0,274.0,727.0,24,0
1993.0,Hubert Davis,SG,22.0,NYK,50.0,2.0,815.0,8.7,0.49,0.076,0.215,1.8,5.7,3.8,15.2,1.4,0.3,14.1,17.0,0.0,1.2,1.2,0.07200000000000001,-3.5,0.2,-3.3,-0.3,110.0,251.0,0.438,6.0,19.0,0.316,104.0,232.0,0.448,0.45,43.0,54.0,0.7959999999999999,13.0,43.0,56.0,83.0,22.0,4.0,45.0,71.0,269.0,4,3
1993.0,Terry Davis,PF,25.0,DAL,75.0,74.0,2462.0,11.7,0.484,0.009000000000000001,0.326,10.4,21.3,15.4,4.3,0.7,0.7,14.0,19.0,-0.6,0.5,-0.1,-0.002,-3.2,-2.0,-5.2,-2.0,393.0,863.0,0.455,2.0,8.0,0.25,391.0,855.0,0.457,0.457,167.0,281.0,0.594,259.0,442.0,701.0,68.0,36.0,28.0,160.0,199.0,955.0,9,5
1993.0,Johnny Dawkins,PG,29.0,PHI,74.0,10.0,1598.0,14.6,0.502,0.142,0.241,2.2,7.0,4.6,32.8,2.4,0.1,15.6,20.5,0.8,0.9,1.7,0.052000000000000005,-0.6,-2.4,-3.0,-0.4,258.0,590.0,0.4370000000000001,26.0,84.0,0.31,232.0,506.0,0.458,0.459,113.0,142.0,0.7959999999999999,33.0,103.0,136.0,339.0,80.0,4.0,121.0,91.0,655.0,25,0
1993.0,Todd Day,SG,23.0,MIL,71.0,37.0,1931.0,14.5,0.513,0.222,0.359,8.5,8.9,8.7,9.4,1.9,1.6,11.0,23.9,1.5,1.1,2.6,0.065,0.3,-1.5,-1.2,0.4,358.0,828.0,0.4320000000000001,54.0,184.0,0.293,304.0,644.0,0.472,0.465,213.0,297.0,0.7170000000000001,144.0,147.0,291.0,117.0,75.0,48.0,118.0,222.0,983.0,3,1
1993.0,Vinny Del,PG,26.0,SAS,73.0,31.0,1526.0,13.9,0.564,0.056,0.272,1.5,10.3,6.1,27.6,1.5,0.0,16.0,16.5,2.2,1.3,3.5,0.111,-0.1,-1.1,-1.1,0.3,218.0,430.0,0.507,6.0,24.0,0.25,212.0,406.0,0.522,0.514,101.0,117.0,0.863,19.0,144.0,163.0,291.0,44.0,1.0,92.0,146.0,543.0,26,0
1993.0,Bison Dele,PF,23.0,ORL,21.0,0.0,240.0,12.9,0.5529999999999999,0.013,0.256,12.0,14.2,13.2,3.2,2.9,4.3,22.4,20.1,-0.1,0.4,0.3,0.069,-3.3,2.0,-1.3,0.0,40.0,78.0,0.513,0.0,1.0,0.0,40.0,77.0,0.519,0.513,16.0,20.0,0.8,24.0,32.0,56.0,5.0,14.0,17.0,25.0,48.0,96.0,20,2
1993.0,Vlade Divac,C,24.0,LAL,82.0,69.0,2525.0,17.1,0.542,0.092,0.416,9.8,23.2,16.5,13.6,2.5,3.4,18.1,20.0,1.5,4.1,5.6,0.107,-0.1,3.4,3.2,3.3,397.0,819.0,0.485,21.0,75.0,0.28,376.0,744.0,0.505,0.498,235.0,341.0,0.6890000000000001,220.0,509.0,729.0,232.0,128.0,140.0,214.0,311.0,1050.0,9,5
1993.0,Sherman Douglas,PG,26.0,BOS,79.0,36.0,1932.0,13.5,0.518,0.055,0.28300000000000003,3.9,5.6,4.7,35.7,1.3,0.3,21.3,17.0,1.5,1.1,2.6,0.064,-0.2,-2.2,-2.4,-0.2,264.0,530.0,0.498,6.0,29.0,0.207,258.0,501.0,0.515,0.504,84.0,150.0,0.56,65.0,97.0,162.0,508.0,49.0,10.0,161.0,166.0,618.0,27,0
1993.0,Greg Dreiling,C,30.0,IND,43.0,0.0,239.0,5.0,0.35600000000000004,0.069,0.259,12.1,18.1,15.1,4.3,1.0,2.1,12.2,13.0,-0.2,0.2,0.1,0.011,-5.0,-0.6,-5.6,-0.2,19.0,58.0,0.328,0.0,4.0,0.0,19.0,54.0,0.35200000000000004,0.328,8.0,15.0,0.5329999999999999,26.0,40.0,66.0,8.0,5.0,8.0,9.0,60.0,46.0,4,3
1993.0,Clyde Drexler*,SG,30.0,POR,49.0,49.0,1671.0,20.7,0.517,0.163,0.358,8.0,12.4,10.1,26.2,2.8,1.4,10.9,26.1,3.4,2.5,6.0,0.171,4.2,1.9,6.1,3.4,350.0,816.0,0.429,31.0,133.0,0.233,319.0,683.0,0.467,0.448,245.0,292.0,0.8390000000000001,126.0,183.0,309.0,278.0,95.0,37.0,115.0,159.0,976.0,28,0
1993.0,Kevin Duckworth,C,28.0,POR,74.0,55.0,1762.0,11.4,0.477,0.003,0.253,7.1,17.2,12.0,5.9,1.2,1.4,10.2,19.9,0.2,2.3,2.5,0.069,-3.5,-0.1,-3.6,-0.7,301.0,688.0,0.438,0.0,2.0,0.0,301.0,686.0,0.439,0.438,127.0,174.0,0.73,118.0,269.0,387.0,70.0,45.0,39.0,87.0,222.0,729.0,7,0
1993.0,Chris Dudley,C,27.0,NJN,71.0,16.0,1398.0,9.9,0.39,0.0,0.414,16.7,23.4,20.0,1.5,0.6,4.6,14.7,11.1,-0.3,2.4,2.2,0.07400000000000001,-4.6,1.5,-3.2,-0.4,94.0,266.0,0.353,0.0,0.0,0.0,94.0,266.0,0.353,0.353,57.0,110.0,0.518,215.0,298.0,513.0,16.0,17.0,103.0,54.0,195.0,245.0,15,0
1993.0,Joe Dumars*,SG,29.0,DET,77.0,77.0,3094.0,17.6,0.555,0.206,0.273,2.2,3.2,2.6,16.4,1.3,0.1,7.8,24.5,7.8,1.3,9.1,0.141,3.6,-2.3,1.4,2.6,677.0,1454.0,0.466,112.0,299.0,0.375,565.0,1155.0,0.489,0.504,343.0,397.0,0.8640000000000001,63.0,85.0,148.0,308.0,78.0,7.0,138.0,141.0,1809.0,3,1
1993.0,Richard Dumas,SF,23.0,PHO,48.0,32.0,1320.0,18.6,0.564,0.005,0.373,8.6,10.1,9.4,6.9,3.1,1.8,12.1,23.8,2.1,1.9,3.9,0.142,0.8,0.6,1.4,1.2,302.0,576.0,0.524,1.0,3.0,0.333,301.0,573.0,0.525,0.525,152.0,215.0,0.7070000000000001,100.0,123.0,223.0,60.0,85.0,39.0,92.0,127.0,757.0,9,5
1993.0,Mark Eaton,C,36.0,UTA,64.0,57.0,1104.0,8.7,0.5820000000000001,0.0,0.385,7.8,19.1,13.6,2.0,0.8,4.6,22.1,7.6,0.4,1.5,1.9,0.08199999999999999,-3.6,2.8,-0.8,0.3,71.0,130.0,0.546,0.0,0.0,0.0,71.0,130.0,0.546,0.546,35.0,50.0,0.7,73.0,191.0,264.0,17.0,18.0,79.0,43.0,143.0,177.0,17,4
1993.0,Blue Edwards,SF,27.0,MIL,82.0,81.0,2729.0,16.4,0.569,0.098,0.277,5.2,11.1,8.1,12.5,2.4,1.1,12.6,21.8,3.7,2.0,5.7,0.101,1.1,-0.1,1.0,2.1,554.0,1083.0,0.512,37.0,106.0,0.349,517.0,977.0,0.529,0.529,237.0,300.0,0.79,123.0,259.0,382.0,214.0,129.0,45.0,175.0,242.0,1382.0,9,5
1993.0,James Edwards,C,37.0,LAL,52.0,0.0,617.0,11.2,0.509,0.0,0.4370000000000001,5.5,13.1,9.2,10.4,0.8,0.7,13.7,25.8,0.0,0.4,0.4,0.03,-3.5,-3.1,-6.6,-0.7,122.0,270.0,0.452,0.0,0.0,0.0,122.0,270.0,0.452,0.452,84.0,118.0,0.7120000000000001,30.0,70.0,100.0,41.0,10.0,7.0,51.0,122.0,328.0,4,3
1993.0,Kevin Edwards,SG,27.0,MIA,40.0,30.0,1134.0,17.1,0.53,0.037000000000000005,0.305,4.8,7.5,6.1,17.9,3.0,0.7,12.5,22.9,1.4,1.2,2.5,0.108,0.9,0.1,1.0,0.9,216.0,462.0,0.468,5.0,17.0,0.294,211.0,445.0,0.474,0.473,119.0,141.0,0.8440000000000001,48.0,73.0,121.0,120.0,68.0,12.0,75.0,69.0,556.0,29,0
1993.0,Craig Ehlo,SG,31.0,CLE,82.0,73.0,2559.0,14.2,0.5660000000000001,0.311,0.153,5.3,12.4,9.0,13.9,2.1,0.5,12.9,16.7,3.0,3.1,6.2,0.116,1.6,0.8,2.4,2.8,385.0,785.0,0.49,93.0,244.0,0.381,292.0,541.0,0.54,0.55,86.0,120.0,0.7170000000000001,113.0,290.0,403.0,254.0,104.0,22.0,124.0,170.0,949.0,3,1
1993.0,Mario Elie,SF,29.0,POR,82.0,7.0,1757.0,14.2,0.573,0.246,0.408,3.6,10.1,6.7,14.2,2.0,0.7,12.6,16.6,3.0,2.1,5.1,0.139,0.5,0.3,0.8,1.2,240.0,524.0,0.458,45.0,129.0,0.349,195.0,395.0,0.494,0.501,183.0,214.0,0.855,59.0,157.0,216.0,177.0,74.0,20.0,89.0,145.0,708.0,38,0
1993.0,Sean Elliott,SF,24.0,SAS,70.0,70.0,2604.0,15.5,0.5660000000000001,0.113,0.3670000000000001,3.9,10.0,7.1,15.4,1.3,0.7,12.5,20.6,3.9,2.2,6.1,0.113,1.6,0.0,1.6,2.3,451.0,918.0,0.491,37.0,104.0,0.35600000000000004,414.0,814.0,0.509,0.511,268.0,337.0,0.795,85.0,237.0,322.0,265.0,68.0,28.0,152.0,132.0,1207.0,3,1
1993.0,Dale Ellis,SG,32.0,SAS,82.0,76.0,2731.0,15.0,0.579,0.272,0.18,3.6,9.3,6.5,6.2,1.4,0.4,8.6,20.8,4.1,2.3,6.4,0.113,2.0,-1.3,0.8,1.9,545.0,1092.0,0.499,119.0,297.0,0.401,426.0,795.0,0.536,0.5539999999999999,157.0,197.0,0.797,81.0,231.0,312.0,107.0,78.0,18.0,111.0,179.0,1366.0,3,1
1993.0,LaPhonso Ellis,PF,22.0,DEN,82.0,82.0,2749.0,16.6,0.5489999999999999,0.014,0.331,10.5,18.2,14.3,8.2,1.3,2.4,12.2,18.5,4.1,3.8,8.0,0.139,0.4,1.4,1.9,2.7,483.0,958.0,0.504,2.0,13.0,0.154,481.0,945.0,0.509,0.505,237.0,317.0,0.748,274.0,470.0,744.0,151.0,72.0,111.0,153.0,293.0,1205.0,9,5
1993.0,Pervis Ellison,C,25.0,WSB,49.0,48.0,1701.0,18.5,0.5589999999999999,0.006,0.369,9.0,19.9,14.3,10.9,1.3,3.9,12.6,21.8,2.1,1.8,3.9,0.11,0.2,1.5,1.6,1.6,341.0,655.0,0.521,0.0,4.0,0.0,341.0,651.0,0.524,0.521,170.0,242.0,0.7020000000000001,138.0,295.0,433.0,117.0,45.0,108.0,110.0,154.0,852.0,30,0
1993.0,Patrick Ewing*,C,30.0,NYK,81.0,81.0,3003.0,20.8,0.546,0.005,0.359,7.3,28.4,18.2,9.2,1.3,3.6,12.9,29.7,2.6,8.1,10.6,0.17,-0.8,3.0,2.2,3.2,779.0,1550.0,0.503,1.0,7.0,0.14300000000000002,778.0,1543.0,0.504,0.503,400.0,556.0,0.7190000000000001,191.0,789.0,980.0,151.0,74.0,161.0,265.0,286.0,1959.0,9,5
1993.0,Duane Ferrell,SF,27.0,ATL,82.0,15.0,1736.0,13.7,0.527,0.052000000000000005,0.325,6.0,6.3,6.1,11.4,1.7,0.6,11.5,21.4,2.1,0.7,2.8,0.077,-0.6,-1.8,-2.4,-0.2,327.0,696.0,0.47,9.0,36.0,0.25,318.0,660.0,0.482,0.476,176.0,226.0,0.779,97.0,94.0,191.0,132.0,59.0,17.0,103.0,160.0,839.0,31,0
1993.0,Danny Ferry,PF,26.0,CLE,76.0,1.0,1461.0,14.0,0.563,0.179,0.246,6.6,14.9,10.9,13.2,1.0,2.0,14.0,18.0,1.8,1.8,3.6,0.118,-0.2,0.2,0.0,0.8,220.0,459.0,0.479,34.0,82.0,0.415,186.0,377.0,0.493,0.516,99.0,113.0,0.8759999999999999,81.0,198.0,279.0,137.0,29.0,49.0,83.0,171.0,573.0,32,0
1993.0,Vern Fleming,PG,30.0,IND,75.0,8.0,1503.0,15.7,0.5539999999999999,0.065,0.35600000000000004,4.6,7.6,6.2,22.3,2.1,0.4,15.9,21.5,1.9,0.9,2.9,0.091,0.8,-1.4,-0.7,0.5,280.0,554.0,0.505,7.0,36.0,0.194,273.0,518.0,0.527,0.512,143.0,197.0,0.726,63.0,106.0,169.0,224.0,63.0,9.0,121.0,126.0,710.0,33,0
1993.0,Sleepy Floyd,PG,32.0,HOU,52.0,10.0,867.0,12.1,0.493,0.184,0.334,1.9,8.9,5.6,22.2,1.9,0.4,16.3,21.3,0.1,0.9,1.0,0.056,-2.5,-1.2,-3.7,-0.4,124.0,305.0,0.407,16.0,56.0,0.28600000000000003,108.0,249.0,0.434,0.433,81.0,102.0,0.794,14.0,72.0,86.0,132.0,32.0,6.0,68.0,59.0,345.0,4,3
1993.0,Greg Foster,PF,24.0,TOT,43.0,0.0,298.0,11.6,0.484,0.033,0.175,11.6,19.8,15.6,10.4,0.5,2.9,16.2,21.5,-0.1,0.2,0.2,0.025,-4.0,-1.2,-5.2,-0.2,55.0,120.0,0.458,0.0,4.0,0.0,55.0,116.0,0.474,0.458,15.0,21.0,0.7140000000000001,32.0,51.0,83.0,21.0,3.0,14.0,25.0,58.0,125.0,4,3
1993.0,Rick Fox,SF,23.0,BOS,71.0,14.0,1082.0,14.7,0.534,0.061,0.266,5.8,10.8,8.3,14.9,2.9,1.2,15.4,20.1,0.7,1.3,2.1,0.092,-0.2,1.1,1.0,0.8,184.0,380.0,0.484,4.0,23.0,0.174,180.0,357.0,0.504,0.489,81.0,101.0,0.802,55.0,104.0,159.0,113.0,61.0,21.0,77.0,133.0,453.0,34,0
1993.0,Kevin Gamble,SF,27.0,BOS,82.0,58.0,2541.0,15.1,0.562,0.153,0.16399999999999998,2.1,8.8,5.5,12.8,1.7,0.9,7.7,18.0,4.5,2.1,6.6,0.124,1.8,0.1,1.9,2.5,459.0,906.0,0.507,52.0,139.0,0.374,407.0,767.0,0.531,0.535,123.0,149.0,0.826,46.0,200.0,246.0,226.0,86.0,37.0,81.0,185.0,1093.0,3,1
1993.0,Winston Garland,PG,28.0,HOU,66.0,4.0,1004.0,12.2,0.512,0.038,0.259,3.8,8.1,6.1,20.3,2.0,0.2,14.9,19.8,0.7,1.1,1.8,0.084,-2.0,-0.9,-2.9,-0.2,152.0,343.0,0.443,6.0,13.0,0.462,146.0,330.0,0.442,0.452,81.0,89.0,0.91,32.0,76.0,108.0,138.0,39.0,4.0,67.0,116.0,391.0,4,3
1993.0,Chris Gatling,PF,25.0,GSW,70.0,11.0,1248.0,16.8,0.586,0.013,0.448,11.5,17.1,14.3,4.8,1.7,2.6,15.6,21.4,1.8,1.3,3.1,0.12,-0.6,-0.7,-1.3,0.2,249.0,462.0,0.539,0.0,6.0,0.0,249.0,456.0,0.546,0.539,150.0,207.0,0.725,129.0,191.0,320.0,40.0,44.0,53.0,102.0,197.0,648.0,17,4
1993.0,Kenny Gattison,PF,28.0,CHH,75.0,5.0,1475.0,12.5,0.5539999999999999,0.008,0.44,8.3,17.0,12.9,6.1,1.6,2.1,12.3,14.6,1.6,1.6,3.2,0.103,-1.1,0.8,-0.3,0.6,203.0,384.0,0.529,0.0,3.0,0.0,203.0,381.0,0.5329999999999999,0.529,102.0,169.0,0.604,108.0,245.0,353.0,68.0,48.0,55.0,64.0,237.0,508.0,17,4
1993.0,Matt Geiger,C,23.0,MIA,48.0,2.0,554.0,11.8,0.5770000000000001,0.028,0.634,9.3,15.6,12.4,3.9,1.4,2.2,16.3,17.3,0.6,0.6,1.2,0.101,-2.2,-0.5,-2.7,-0.1,76.0,145.0,0.524,0.0,4.0,0.0,76.0,141.0,0.539,0.524,62.0,92.0,0.674,46.0,74.0,120.0,14.0,15.0,18.0,36.0,123.0,214.0,20,2
1993.0,Tate George,PG,24.0,NJN,48.0,1.0,380.0,7.9,0.419,0.037000000000000005,0.17800000000000002,2.6,5.2,3.9,22.4,1.3,0.5,17.6,19.5,-0.4,0.3,-0.1,-0.013,-5.1,-2.3,-7.4,-0.5,51.0,135.0,0.378,0.0,5.0,0.0,51.0,130.0,0.392,0.378,20.0,24.0,0.833,9.0,18.0,27.0,59.0,10.0,3.0,31.0,25.0,122.0,4,3
1993.0,Kendall Gill,SG,24.0,CHH,69.0,67.0,2430.0,14.0,0.503,0.06,0.281,5.6,9.3,7.5,15.8,1.9,0.8,13.0,22.6,1.1,1.7,2.9,0.056,0.0,-0.2,-0.2,1.1,463.0,1032.0,0.449,17.0,62.0,0.274,446.0,970.0,0.46,0.457,224.0,290.0,0.772,120.0,220.0,340.0,268.0,98.0,36.0,174.0,191.0,1167.0,9,5
1993.0,Armen Gilliam,PF,28.0,PHI,80.0,26.0,1742.0,17.5,0.541,0.001,0.42,8.5,20.8,14.7,11.0,1.0,1.8,14.6,26.1,1.2,1.6,2.8,0.077,-1.8,-1.1,-2.9,-0.4,359.0,774.0,0.464,0.0,1.0,0.0,359.0,773.0,0.464,0.464,274.0,325.0,0.843,136.0,336.0,472.0,116.0,37.0,54.0,157.0,123.0,992.0,9,5
1993.0,Gerald Glass,SF,25.0,TOT,60.0,5.0,848.0,12.1,0.444,0.097,0.115,7.6,11.1,9.3,13.9,2.0,1.4,8.9,19.8,0.1,0.8,0.9,0.053,-1.9,0.3,-1.6,0.1,142.0,339.0,0.419,7.0,33.0,0.212,135.0,306.0,0.441,0.429,25.0,39.0,0.6409999999999999,61.0,81.0,142.0,77.0,33.0,18.0,35.0,104.0,316.0,4,3
1993.0,Mike Gminski,C,33.0,CHH,34.0,0.0,251.0,14.1,0.532,0.0,0.12,15.3,20.8,18.2,3.9,0.2,2.0,11.2,16.2,0.3,0.2,0.5,0.104,-1.8,-2.2,-4.0,-0.1,42.0,83.0,0.506,0.0,0.0,0.0,42.0,83.0,0.506,0.506,9.0,10.0,0.9,34.0,51.0,85.0,7.0,1.0,9.0,11.0,28.0,93.0,20,2
1993.0,Paul Graham,SG,25.0,ATL,80.0,11.0,1508.0,12.7,0.526,0.252,0.234,4.3,9.9,7.0,15.9,2.8,0.3,16.3,20.2,0.7,1.2,1.9,0.06,-0.5,-0.6,-1.1,0.4,256.0,560.0,0.457,42.0,141.0,0.298,214.0,419.0,0.511,0.495,96.0,131.0,0.733,61.0,129.0,190.0,164.0,86.0,6.0,120.0,185.0,650.0,35,0
1993.0,Gary Grant,PG,27.0,LAC,74.0,8.0,1624.0,11.7,0.478,0.08800000000000001,0.155,1.8,7.7,4.7,28.4,3.2,0.4,20.2,16.2,-0.1,1.8,1.6,0.049,-2.3,-0.4,-2.7,-0.3,210.0,476.0,0.441,11.0,42.0,0.262,199.0,434.0,0.459,0.453,55.0,74.0,0.743,27.0,112.0,139.0,353.0,106.0,9.0,129.0,168.0,486.0,37,0
1993.0,Greg Grant,PG,26.0,PHI,72.0,0.0,996.0,8.7,0.415,0.309,0.141,2.6,4.7,3.6,28.3,2.1,0.1,18.8,12.2,-0.2,0.4,0.2,0.01,-3.5,-2.8,-6.3,-1.1,77.0,220.0,0.35,20.0,68.0,0.294,57.0,152.0,0.375,0.395,20.0,31.0,0.645,24.0,43.0,67.0,206.0,43.0,1.0,54.0,73.0,194.0,4,3
1993.0,Harvey Grant,SF,27.0,WSB,72.0,72.0,2667.0,16.1,0.523,0.009000000000000001,0.261,5.5,12.0,8.7,12.3,1.3,1.0,6.6,21.9,3.6,1.4,5.0,0.09,0.5,-0.9,-0.3,1.1,560.0,1149.0,0.487,1.0,10.0,0.1,559.0,1139.0,0.491,0.488,218.0,300.0,0.727,133.0,279.0,412.0,205.0,72.0,44.0,90.0,168.0,1339.0,9,5
1993.0,Horace Grant,PF,27.0,CHI,77.0,77.0,2745.0,17.5,0.534,0.006,0.339,13.9,16.9,15.3,10.1,1.7,2.3,10.4,16.7,5.4,3.7,9.1,0.159,1.8,1.9,3.7,3.9,421.0,829.0,0.508,1.0,5.0,0.2,420.0,824.0,0.51,0.508,174.0,281.0,0.619,341.0,388.0,729.0,201.0,89.0,96.0,110.0,218.0,1017.0,9,5
1993.0,Jeff Grayer,SG,27.0,GSW,48.0,12.0,1025.0,12.0,0.512,0.04,0.385,7.7,9.4,8.6,9.6,1.5,0.5,11.6,18.6,0.9,0.5,1.5,0.069,-0.9,-1.2,-2.1,0.0,165.0,353.0,0.467,2.0,14.0,0.14300000000000002,163.0,339.0,0.481,0.47,91.0,136.0,0.669,71.0,86.0,157.0,70.0,31.0,8.0,54.0,120.0,423.0,4,3
1993.0,A.C. Green,PF,29.0,LAL,82.0,55.0,2819.0,16.3,0.603,0.065,0.531,11.5,17.3,14.4,5.9,1.6,0.9,11.8,15.0,6.1,2.6,8.6,0.147,1.6,0.5,2.1,2.9,379.0,706.0,0.537,16.0,46.0,0.348,363.0,660.0,0.55,0.5479999999999999,277.0,375.0,0.7390000000000001,287.0,424.0,711.0,116.0,88.0,39.0,116.0,149.0,1051.0,23,0
1993.0,Litterial Green,PG,22.0,ORL,52.0,4.0,626.0,11.6,0.489,0.051,0.485,2.1,3.9,3.1,27.2,1.8,0.4,14.9,19.4,0.4,0.5,0.8,0.064,-2.2,-2.6,-4.8,-0.4,87.0,198.0,0.439,1.0,10.0,0.1,86.0,188.0,0.457,0.442,60.0,96.0,0.625,11.0,23.0,34.0,116.0,23.0,4.0,42.0,70.0,235.0,4,3
1993.0,Sidney Green,PF,32.0,TOT,39.0,0.0,329.0,11.3,0.453,0.022,0.348,11.4,27.9,20.0,9.8,0.9,0.9,16.3,15.9,0.0,0.5,0.4,0.065,-3.9,0.1,-3.8,-0.1,34.0,89.0,0.382,0.0,2.0,0.0,34.0,87.0,0.391,0.382,25.0,31.0,0.8059999999999999,32.0,86.0,118.0,24.0,6.0,5.0,20.0,37.0,93.0,4,3
1993.0,Tom Gugliotta,PF,23.0,WSB,81.0,81.0,2795.0,14.6,0.472,0.119,0.248,8.7,23.1,15.7,16.6,2.4,0.8,15.5,22.6,-1.6,3.2,1.6,0.028,-1.3,1.5,0.2,1.5,484.0,1135.0,0.426,38.0,135.0,0.281,446.0,1000.0,0.446,0.443,181.0,281.0,0.644,219.0,562.0,781.0,306.0,134.0,35.0,230.0,195.0,1187.0,9,5
1993.0,Jay Guidinger,C,23.0,CLE,32.0,5.0,215.0,9.6,0.386,0.0,0.455,14.5,19.4,17.1,10.2,2.1,2.8,13.2,15.7,-0.1,0.4,0.3,0.067,-3.7,2.0,-1.7,0.0,19.0,55.0,0.345,0.0,0.0,0.0,19.0,55.0,0.345,0.345,13.0,25.0,0.52,26.0,38.0,64.0,17.0,9.0,10.0,10.0,48.0,51.0,4,3
1993.0,Tom Hammonds,PF,25.0,TOT,54.0,5.0,713.0,9.9,0.499,0.005,0.281,5.7,13.1,9.5,4.7,1.2,1.0,12.0,16.2,0.1,0.7,0.8,0.055,-3.7,-0.9,-4.6,-0.5,105.0,221.0,0.475,0.0,1.0,0.0,105.0,220.0,0.477,0.475,38.0,62.0,0.613,38.0,89.0,127.0,24.0,18.0,12.0,34.0,77.0,248.0,4,3
1993.0,Tim Hardaway,PG,26.0,GSW,66.0,66.0,2609.0,19.7,0.534,0.265,0.314,2.6,8.7,5.6,39.8,2.1,0.3,14.2,24.3,5.9,1.6,7.5,0.138,4.5,-1.7,2.8,3.2,522.0,1168.0,0.447,102.0,309.0,0.33,420.0,859.0,0.489,0.491,273.0,367.0,0.7440000000000001,60.0,203.0,263.0,699.0,116.0,12.0,220.0,152.0,1419.0,3,1
1993.0,Derek Harper,SG,31.0,DAL,62.0,60.0,2108.0,15.9,0.522,0.274,0.337,2.0,4.6,3.2,25.7,1.8,0.5,11.2,23.5,2.9,-0.2,2.7,0.062,2.6,-3.5,-0.9,0.6,393.0,939.0,0.419,101.0,257.0,0.393,292.0,682.0,0.428,0.472,239.0,316.0,0.7559999999999999,42.0,81.0,123.0,334.0,80.0,16.0,136.0,145.0,1126.0,3,1
1993.0,Ron Harper,SG,29.0,LAC,80.0,77.0,2970.0,16.1,0.523,0.155,0.332,4.3,11.6,7.9,17.0,2.9,1.6,13.9,22.2,2.3,3.7,6.0,0.097,0.9,1.4,2.3,3.3,542.0,1203.0,0.451,52.0,186.0,0.28,490.0,1017.0,0.482,0.472,307.0,399.0,0.769,117.0,308.0,425.0,360.0,177.0,73.0,222.0,212.0,1443.0,3,1
1993.0,Scott Hastings,C,32.0,DEN,76.0,0.0,670.0,8.3,0.573,0.071,0.491,6.9,14.8,10.8,6.7,0.9,0.7,17.6,10.0,0.6,0.7,1.3,0.091,-2.8,0.0,-2.8,-0.1,57.0,112.0,0.509,2.0,8.0,0.25,55.0,104.0,0.529,0.518,40.0,55.0,0.727,44.0,93.0,137.0,34.0,12.0,8.0,29.0,115.0,156.0,17,4
1993.0,Hersey Hawkins,SG,26.0,PHI,81.0,81.0,2977.0,18.3,0.593,0.262,0.416,3.3,9.3,6.3,17.1,2.2,0.6,11.5,22.2,6.7,1.9,8.5,0.138,3.6,-0.8,2.8,3.6,551.0,1172.0,0.47,122.0,307.0,0.397,429.0,865.0,0.496,0.522,419.0,487.0,0.86,91.0,255.0,346.0,317.0,137.0,30.0,180.0,189.0,1643.0,3,1
1993.0,Steve Henson,PG,24.0,ATL,53.0,2.0,719.0,11.3,0.534,0.44,0.22,1.8,6.9,4.3,28.5,2.1,0.1,20.7,14.5,0.8,0.4,1.1,0.076,-1.0,-2.7,-3.7,-0.3,71.0,182.0,0.39,37.0,80.0,0.463,34.0,102.0,0.333,0.4920000000000001,34.0,40.0,0.85,12.0,43.0,55.0,155.0,30.0,1.0,52.0,85.0,213.0,4,3
1993.0,Carl Herrera,PF,26.0,HOU,81.0,12.0,1800.0,13.1,0.58,0.005,0.396,9.9,18.2,14.3,4.9,1.3,1.2,15.0,15.0,2.1,2.6,4.6,0.123,-1.5,0.5,-1.0,0.4,240.0,444.0,0.541,0.0,2.0,0.0,240.0,442.0,0.5429999999999999,0.541,125.0,176.0,0.71,148.0,306.0,454.0,61.0,47.0,35.0,92.0,190.0,605.0,17,4
1993.0,Rod Higgins,SF,33.0,SAC,69.0,4.0,1425.0,12.5,0.52,0.275,0.313,5.0,10.3,7.5,11.8,1.7,1.3,10.3,17.5,1.5,1.0,2.5,0.085,-0.3,-0.6,-0.9,0.4,199.0,483.0,0.412,43.0,133.0,0.32299999999999995,156.0,350.0,0.446,0.457,130.0,151.0,0.861,66.0,127.0,193.0,119.0,51.0,29.0,63.0,141.0,571.0,4,3
1993.0,Sean Higgins,SF,24.0,GSW,29.0,4.0,591.0,9.2,0.509,0.172,0.219,4.3,8.5,6.4,15.7,1.1,0.5,21.4,20.7,-0.4,0.2,-0.1,-0.012,-2.8,-1.9,-4.8,-0.4,96.0,215.0,0.447,13.0,37.0,0.35100000000000003,83.0,178.0,0.466,0.477,35.0,47.0,0.745,23.0,45.0,68.0,66.0,13.0,5.0,64.0,54.0,240.0,4,3
1993.0,Tyrone Hill,C,24.0,GSW,74.0,66.0,2070.0,12.9,0.541,0.008,0.447,13.8,27.0,20.4,4.4,1.0,1.2,13.5,13.5,2.6,2.3,4.9,0.112,-1.2,0.0,-1.1,0.4,251.0,494.0,0.508,0.0,4.0,0.0,251.0,490.0,0.512,0.508,138.0,221.0,0.624,255.0,499.0,754.0,68.0,41.0,40.0,92.0,320.0,640.0,24,0
1993.0,Donald Hodge,C,23.0,DAL,79.0,8.0,1267.0,8.3,0.441,0.0,0.26,7.3,18.8,12.5,8.8,1.3,1.9,16.8,17.2,-1.3,0.5,-0.9,-0.032,-5.1,-0.4,-5.5,-1.1,161.0,400.0,0.403,0.0,0.0,0.0,161.0,400.0,0.403,0.403,71.0,104.0,0.6829999999999999,93.0,201.0,294.0,75.0,33.0,37.0,90.0,204.0,393.0,4,3
1993.0,Jeff Hornacek,PG,29.0,PHI,79.0,78.0,2860.0,18.2,0.5529999999999999,0.201,0.233,3.2,9.7,6.5,31.6,2.2,0.4,14.0,23.5,4.5,1.8,6.3,0.106,3.3,-1.0,2.3,3.1,582.0,1239.0,0.47,97.0,249.0,0.39,485.0,990.0,0.49,0.509,250.0,289.0,0.865,84.0,258.0,342.0,548.0,131.0,21.0,222.0,203.0,1511.0,3,1
1993.0,Robert Horry,SF,22.0,HOU,79.0,79.0,2330.0,12.1,0.52,0.069,0.293,5.8,12.8,9.5,11.9,1.7,2.2,16.8,17.5,0.4,3.2,3.6,0.075,-2.0,1.9,0.0,1.2,323.0,682.0,0.474,12.0,47.0,0.255,311.0,635.0,0.49,0.482,143.0,200.0,0.715,113.0,279.0,392.0,191.0,80.0,83.0,156.0,210.0,801.0,9,5
1993.0,Byron Houston,PF,23.0,GSW,79.0,8.0,1274.0,10.6,0.513,0.022,0.597,10.4,17.2,13.8,7.1,1.7,2.1,17.5,15.9,0.5,1.3,1.8,0.068,-2.4,0.7,-1.8,0.1,145.0,325.0,0.446,2.0,7.0,0.28600000000000003,143.0,318.0,0.45,0.449,129.0,194.0,0.665,119.0,196.0,315.0,69.0,44.0,43.0,87.0,253.0,421.0,36,0
1993.0,Brian Howard,SF,25.0,DAL,68.0,22.0,1295.0,9.7,0.482,0.017,0.227,5.1,13.4,8.8,7.8,2.0,1.7,13.0,16.5,-0.2,0.5,0.3,0.011,-3.4,-0.2,-3.7,-0.5,183.0,414.0,0.442,1.0,7.0,0.14300000000000002,182.0,407.0,0.447,0.443,72.0,94.0,0.7659999999999999,66.0,146.0,212.0,67.0,55.0,34.0,68.0,217.0,439.0,4,3
1993.0,Stephen Howard,SF,22.0,UTA,49.0,0.0,260.0,9.8,0.447,0.0,0.57,11.8,14.4,13.1,5.4,2.9,3.0,16.5,23.0,-0.3,0.4,0.1,0.018000000000000002,-5.0,0.7,-4.3,-0.1,35.0,93.0,0.376,0.0,0.0,0.0,35.0,93.0,0.376,0.376,34.0,53.0,0.642,26.0,34.0,60.0,10.0,15.0,12.0,23.0,58.0,104.0,4,3
1993.0,Jay Humphries,SG,30.0,UTA,78.0,20.0,2034.0,10.5,0.482,0.114,0.197,2.3,5.6,4.0,22.2,2.5,0.3,15.6,17.9,0.0,1.8,1.8,0.043,-1.5,-0.4,-1.9,0.0,287.0,659.0,0.436,15.0,75.0,0.2,272.0,584.0,0.466,0.447,101.0,130.0,0.777,40.0,103.0,143.0,317.0,101.0,11.0,132.0,236.0,690.0,37,0
1993.0,Mike Iuzzolino,PG,25.0,DAL,70.0,23.0,1769.0,12.7,0.561,0.301,0.312,1.7,7.3,4.3,27.4,1.3,0.2,19.2,15.5,1.8,-0.3,1.5,0.041,-0.4,-3.2,-3.6,-0.7,221.0,478.0,0.462,54.0,144.0,0.375,167.0,334.0,0.5,0.519,114.0,149.0,0.765,31.0,109.0,140.0,328.0,49.0,6.0,129.0,101.0,610.0,38,0
1993.0,Jaren Jackson,SG,25.0,LAC,34.0,0.0,350.0,11.3,0.468,0.039,0.211,5.9,6.4,6.2,13.5,2.6,0.9,10.8,18.4,0.1,0.3,0.4,0.061,-2.2,-0.7,-2.9,-0.1,53.0,128.0,0.414,2.0,5.0,0.4,51.0,123.0,0.415,0.422,23.0,27.0,0.852,19.0,20.0,39.0,35.0,19.0,5.0,17.0,45.0,131.0,4,3
1993.0,Jim Jackson,SF,22.0,DAL,28.0,28.0,938.0,11.0,0.451,0.157,0.197,4.4,10.1,7.0,23.1,2.1,0.8,18.5,27.0,-1.8,0.2,-1.6,-0.081,-1.9,-1.4,-3.3,-0.3,184.0,466.0,0.395,21.0,73.0,0.28800000000000003,163.0,393.0,0.415,0.417,68.0,92.0,0.7390000000000001,42.0,80.0,122.0,131.0,40.0,11.0,115.0,80.0,457.0,4,3
1993.0,Mark Jackson,PG,27.0,LAC,82.0,81.0,3117.0,16.6,0.5479999999999999,0.087,0.317,4.5,9.3,6.9,31.1,2.1,0.2,17.0,17.1,5.3,2.7,7.9,0.122,1.8,-0.1,1.7,2.9,459.0,945.0,0.486,22.0,82.0,0.268,437.0,863.0,0.506,0.4970000000000001,241.0,300.0,0.8029999999999999,129.0,259.0,388.0,724.0,136.0,12.0,220.0,158.0,1181.0,3,1
1993.0,Keith Jennings,PG,24.0,GSW,8.0,0.0,136.0,18.5,0.691,0.214,0.429,1.6,7.4,4.5,24.6,1.4,0.0,12.3,17.1,0.5,0.1,0.6,0.205,3.2,-3.4,-0.2,0.1,25.0,42.0,0.595,5.0,9.0,0.556,20.0,33.0,0.606,0.655,14.0,18.0,0.778,2.0,9.0,11.0,23.0,4.0,0.0,7.0,18.0,69.0,20,2
1993.0,Avery Johnson,PG,27.0,SAS,75.0,49.0,2030.0,15.8,0.556,0.016,0.35700000000000004,1.2,6.8,4.1,39.1,2.1,0.5,19.7,15.9,3.3,1.9,5.2,0.122,0.1,-1.9,-1.8,0.1,256.0,510.0,0.502,0.0,8.0,0.0,256.0,502.0,0.51,0.502,144.0,182.0,0.7909999999999999,20.0,126.0,146.0,561.0,85.0,16.0,145.0,141.0,656.0,39,0
1993.0,Buck Johnson,SF,29.0,WSB,73.0,19.0,1287.0,10.7,0.521,0.006999999999999999,0.313,6.7,10.4,8.5,10.1,1.4,0.9,13.2,17.5,0.6,0.7,1.2,0.046,-2.3,-1.1,-3.4,-0.4,193.0,403.0,0.479,0.0,3.0,0.0,193.0,400.0,0.483,0.479,92.0,126.0,0.73,78.0,117.0,195.0,89.0,36.0,18.0,70.0,187.0,478.0,4,3
1993.0,Dave Johnson,SG,22.0,POR,42.0,0.0,356.0,8.1,0.449,0.094,0.396,5.4,9.5,7.4,5.3,1.1,0.2,13.8,23.4,-0.4,0.3,-0.1,-0.018000000000000002,-5.7,-2.9,-8.6,-0.6,57.0,149.0,0.383,3.0,14.0,0.214,54.0,135.0,0.4,0.393,40.0,59.0,0.6779999999999999,18.0,30.0,48.0,13.0,8.0,1.0,28.0,23.0,157.0,4,3
1993.0,Eddie Johnson,SF,33.0,SEA,82.0,0.0,1869.0,17.1,0.5329999999999999,0.057,0.259,7.6,9.4,8.5,11.5,1.0,0.1,10.8,27.9,3.4,1.5,4.8,0.124,0.8,-2.9,-2.1,-0.1,463.0,991.0,0.467,17.0,56.0,0.304,446.0,935.0,0.477,0.476,234.0,257.0,0.911,124.0,148.0,272.0,135.0,36.0,4.0,134.0,173.0,1177.0,40,0
1993.0,Frank Johnson,PG,34.0,PHO,77.0,0.0,1122.0,10.8,0.481,0.038,0.244,4.2,7.0,5.6,21.7,2.6,0.4,18.8,15.6,0.3,1.2,1.5,0.064,-2.1,-0.2,-2.3,-0.1,136.0,312.0,0.436,1.0,12.0,0.083,135.0,300.0,0.45,0.438,59.0,76.0,0.7759999999999999,41.0,72.0,113.0,186.0,60.0,8.0,80.0,112.0,332.0,41,0
1993.0,Kevin Johnson,PG,26.0,PHO,49.0,47.0,1643.0,18.1,0.5760000000000001,0.014,0.488,2.1,4.9,3.5,32.7,2.5,0.7,18.0,21.0,3.5,1.6,5.1,0.14800000000000002,1.4,-1.4,0.1,0.9,282.0,565.0,0.499,1.0,8.0,0.125,281.0,557.0,0.504,0.5,226.0,276.0,0.8190000000000001,30.0,74.0,104.0,384.0,85.0,19.0,151.0,100.0,791.0,42,0
1993.0,Larry Johnson,PF,23.0,CHH,82.0,82.0,3323.0,18.9,0.574,0.051,0.316,9.6,18.0,14.0,15.9,0.8,0.5,12.6,22.4,7.1,2.5,9.6,0.139,3.3,0.1,3.4,4.6,728.0,1385.0,0.526,18.0,71.0,0.254,710.0,1314.0,0.54,0.532,336.0,438.0,0.767,281.0,583.0,864.0,353.0,53.0,27.0,227.0,187.0,1810.0,9,5
1993.0,Charles Jones,C,35.0,WSB,67.0,21.0,1206.0,7.8,0.552,0.016,0.603,8.0,18.1,12.9,4.3,1.5,3.9,32.3,4.2,0.3,1.3,1.6,0.063,-4.1,3.4,-0.7,0.4,33.0,63.0,0.524,0.0,1.0,0.0,33.0,62.0,0.532,0.524,22.0,38.0,0.579,87.0,190.0,277.0,42.0,38.0,77.0,38.0,144.0,88.0,17,4
1993.0,Michael Jordan*,SG,29.0,CHI,78.0,78.0,3067.0,29.7,0.564,0.115,0.284,4.9,15.1,9.8,25.2,3.7,1.3,8.4,34.7,12.0,5.2,17.2,0.27,8.3,1.2,9.5,8.9,992.0,2003.0,0.495,81.0,230.0,0.35200000000000004,911.0,1773.0,0.514,0.515,476.0,569.0,0.8370000000000001,135.0,387.0,522.0,428.0,221.0,61.0,207.0,188.0,2541.0,3,1
1993.0,Thomas Jordan,PF,24.0,PHI,4.0,0.0,106.0,6.9,0.454,0.0,0.415,5.1,14.3,9.7,4.4,1.4,2.8,19.8,24.1,-0.3,0.1,-0.2,-0.1,-8.1,-1.4,-9.5,-0.2,18.0,41.0,0.439,0.0,0.0,0.0,18.0,41.0,0.439,0.439,8.0,17.0,0.471,5.0,14.0,19.0,3.0,3.0,5.0,12.0,14.0,44.0,4,3
1993.0,Adam Keefe,PF,22.0,ATL,82.0,6.0,1549.0,13.6,0.564,0.003,0.63,11.8,19.5,15.5,7.0,1.8,0.7,17.2,15.5,1.9,1.4,3.3,0.102,-1.2,0.1,-1.0,0.4,188.0,376.0,0.5,0.0,1.0,0.0,188.0,375.0,0.501,0.5,166.0,237.0,0.7,171.0,261.0,432.0,80.0,57.0,16.0,100.0,195.0,542.0,43,0
1993.0,Shawn Kemp,PF,23.0,SEA,78.0,68.0,2582.0,20.4,0.547,0.004,0.48,12.8,25.1,18.8,8.8,2.3,3.8,14.6,24.2,4.0,5.1,9.1,0.16899999999999998,0.7,2.5,3.2,3.4,515.0,1047.0,0.4920000000000001,0.0,4.0,0.0,515.0,1043.0,0.494,0.4920000000000001,358.0,503.0,0.7120000000000001,287.0,546.0,833.0,155.0,119.0,146.0,217.0,327.0,1388.0,9,5
1993.0,Tim Kempton,PF,29.0,PHO,30.0,0.0,167.0,8.6,0.454,0.0,0.6459999999999999,8.2,17.6,13.0,14.7,1.2,1.4,20.6,19.2,-0.1,0.2,0.1,0.019,-4.6,0.1,-4.5,-0.1,19.0,48.0,0.396,0.0,0.0,0.0,19.0,48.0,0.396,0.396,18.0,31.0,0.581,12.0,27.0,39.0,19.0,4.0,4.0,16.0,30.0,56.0,4,3
1993.0,Steve Kerr,SG-PG,27.0,TOT,52.0,0.0,481.0,9.4,0.505,0.213,0.197,1.2,8.9,5.3,20.4,1.0,0.1,16.9,14.3,0.2,0.4,0.6,0.057,-2.8,-1.7,-4.4,-0.3,53.0,122.0,0.434,6.0,26.0,0.231,47.0,96.0,0.49,0.459,22.0,24.0,0.917,5.0,40.0,45.0,70.0,10.0,1.0,27.0,36.0,134.0,4,3
1993.0,Jerome Kersey,SF,30.0,POR,65.0,50.0,1719.0,13.7,0.475,0.044,0.285,7.8,18.4,12.9,10.3,2.3,1.5,10.4,19.3,0.6,2.8,3.4,0.094,-1.8,1.9,0.1,0.9,281.0,642.0,0.438,8.0,28.0,0.28600000000000003,273.0,614.0,0.445,0.444,116.0,183.0,0.634,126.0,280.0,406.0,121.0,80.0,41.0,84.0,181.0,686.0,7,0
1993.0,Alec Kessler,PF,26.0,MIA,40.0,2.0,415.0,11.5,0.5429999999999999,0.09,0.385,6.8,18.6,12.6,5.2,0.5,1.9,12.8,17.1,0.4,0.4,0.8,0.08800000000000001,-2.9,-1.3,-4.2,-0.2,57.0,122.0,0.467,5.0,11.0,0.455,52.0,111.0,0.468,0.488,36.0,47.0,0.7659999999999999,25.0,66.0,91.0,14.0,4.0,12.0,21.0,63.0,155.0,4,3
1993.0,Bernard King*,SF,36.0,NJN,32.0,2.0,430.0,15.7,0.552,0.04,0.322,8.9,10.5,9.7,6.8,1.3,0.4,9.4,21.8,0.7,0.4,1.2,0.134,0.0,-1.9,-1.9,0.0,91.0,177.0,0.514,2.0,7.0,0.28600000000000003,89.0,170.0,0.524,0.52,39.0,57.0,0.684,35.0,41.0,76.0,18.0,11.0,3.0,21.0,53.0,223.0,20,2
1993.0,Stacey King,C,26.0,CHI,76.0,3.0,1059.0,12.8,0.518,0.018000000000000002,0.359,11.1,11.5,11.3,9.2,1.3,1.3,15.1,18.9,0.9,1.0,1.9,0.08800000000000001,-1.4,-1.0,-2.4,-0.1,160.0,340.0,0.471,2.0,6.0,0.333,158.0,334.0,0.473,0.474,86.0,122.0,0.705,105.0,102.0,207.0,71.0,26.0,20.0,70.0,128.0,408.0,4,3
1993.0,Greg Kite,C,31.0,ORL,64.0,1.0,640.0,5.3,0.471,0.012,0.28600000000000003,12.4,21.1,17.0,2.1,1.0,1.1,27.0,8.7,-0.2,0.9,0.6,0.047,-4.6,0.5,-4.1,-0.3,38.0,84.0,0.452,0.0,1.0,0.0,38.0,83.0,0.458,0.452,13.0,24.0,0.542,66.0,127.0,193.0,10.0,13.0,12.0,35.0,133.0,89.0,4,3
1993.0,Joe Kleine,C,31.0,BOS,78.0,3.0,1129.0,9.6,0.439,0.022,0.217,11.5,23.1,17.4,4.4,0.8,0.9,11.2,12.7,0.2,1.3,1.5,0.064,-3.3,0.0,-3.3,-0.4,108.0,267.0,0.404,0.0,6.0,0.0,108.0,261.0,0.414,0.404,41.0,58.0,0.7070000000000001,113.0,233.0,346.0,39.0,17.0,17.0,37.0,123.0,257.0,4,3
1993.0,Negele Knight,PG,25.0,PHO,52.0,35.0,888.0,8.9,0.444,0.022,0.271,3.6,4.4,4.0,21.9,1.2,0.3,17.1,19.9,-0.4,0.5,0.1,0.006999999999999999,-3.8,-2.5,-6.3,-1.0,124.0,317.0,0.391,0.0,7.0,0.0,124.0,310.0,0.4,0.391,67.0,86.0,0.779,28.0,36.0,64.0,145.0,23.0,4.0,73.0,66.0,315.0,4,3
1993.0,Jon Koncak,C,29.0,ATL,78.0,65.0,1975.0,9.2,0.476,0.03,0.187,5.4,19.2,12.0,8.9,1.9,3.2,15.2,7.1,0.8,2.2,3.1,0.07400000000000001,-2.8,3.8,1.0,1.5,124.0,267.0,0.464,3.0,8.0,0.375,121.0,259.0,0.467,0.47,24.0,50.0,0.48,100.0,327.0,427.0,140.0,75.0,100.0,52.0,264.0,275.0,44,0
1993.0,Larry Krystkowiak,PF,28.0,UTA,71.0,0.0,1362.0,11.7,0.524,0.002,0.34600000000000003,6.4,16.6,11.7,7.1,1.5,0.6,11.2,17.4,1.1,1.5,2.6,0.09,-2.0,0.1,-2.0,0.0,198.0,425.0,0.466,0.0,1.0,0.0,198.0,424.0,0.467,0.466,117.0,147.0,0.7959999999999999,74.0,205.0,279.0,68.0,42.0,13.0,62.0,181.0,513.0,45,0
1993.0,Christian Laettner,PF,23.0,MIN,81.0,81.0,2823.0,17.3,0.564,0.038,0.521,7.4,22.7,15.1,13.4,1.9,1.9,17.4,24.9,2.2,2.8,5.0,0.085,-0.3,0.6,0.3,1.6,503.0,1061.0,0.474,4.0,40.0,0.1,499.0,1021.0,0.489,0.476,462.0,553.0,0.835,171.0,537.0,708.0,223.0,105.0,83.0,275.0,290.0,1472.0,9,5
1993.0,Bill Laimbeer,C,35.0,DET,79.0,41.0,1933.0,14.3,0.5539999999999999,0.047,0.181,6.0,18.5,12.0,9.7,1.2,1.3,8.7,15.1,3.3,2.1,5.4,0.133,-0.6,1.4,0.8,1.4,292.0,574.0,0.509,10.0,27.0,0.37,282.0,547.0,0.516,0.517,93.0,104.0,0.894,110.0,309.0,419.0,127.0,46.0,40.0,59.0,212.0,687.0,46,0
1993.0,Jerome Lane,PF,26.0,CLE,21.0,2.0,149.0,18.1,0.47,0.0,0.37,19.3,21.4,20.4,16.7,4.1,1.2,10.0,20.8,0.2,0.3,0.5,0.155,1.5,2.7,4.2,0.2,27.0,54.0,0.5,0.0,0.0,0.0,27.0,54.0,0.5,0.5,5.0,20.0,0.25,24.0,29.0,53.0,17.0,12.0,3.0,7.0,32.0,59.0,4,3
1993.0,Andrew Lang,C,26.0,PHI,73.0,59.0,1861.0,9.3,0.481,0.014,0.325,7.9,17.4,12.7,5.8,1.2,4.5,18.2,11.1,-0.2,2.0,1.7,0.045,-4.0,2.8,-1.2,0.4,149.0,351.0,0.425,1.0,5.0,0.2,148.0,346.0,0.428,0.426,87.0,114.0,0.763,136.0,300.0,436.0,79.0,46.0,141.0,89.0,261.0,386.0,73,0
1993.0,Tim Legler,SG,26.0,TOT,33.0,0.0,635.0,13.3,0.531,0.27,0.295,3.9,6.3,5.0,11.4,1.8,0.6,9.3,19.3,0.8,0.0,0.8,0.059,0.4,-2.6,-2.2,0.0,105.0,241.0,0.436,22.0,65.0,0.338,83.0,176.0,0.472,0.481,57.0,71.0,0.8029999999999999,25.0,34.0,59.0,46.0,24.0,6.0,28.0,63.0,289.0,4,3
1993.0,Jim Les,PG,29.0,SAC,73.0,0.0,881.0,14.7,0.584,0.595,0.193,2.4,9.1,5.6,26.5,2.2,0.5,14.6,15.2,1.7,0.6,2.3,0.127,1.8,-2.0,-0.3,0.4,110.0,259.0,0.425,66.0,154.0,0.429,44.0,105.0,0.419,0.552,42.0,50.0,0.84,20.0,69.0,89.0,169.0,40.0,7.0,48.0,81.0,328.0,18,0
1993.0,Reggie Lewis,SG,27.0,BOS,80.0,80.0,3144.0,17.4,0.529,0.043,0.267,3.2,9.2,6.3,14.3,1.9,1.5,7.8,23.6,5.4,3.0,8.3,0.127,1.9,0.5,2.4,3.5,663.0,1410.0,0.47,14.0,60.0,0.233,649.0,1350.0,0.481,0.475,326.0,376.0,0.867,88.0,259.0,347.0,298.0,118.0,77.0,133.0,248.0,1666.0,9,5
1993.0,Marcus Liberty,SF,24.0,DEN,78.0,32.0,1585.0,12.5,0.456,0.095,0.252,8.7,13.7,11.2,9.7,1.9,0.8,10.3,19.7,0.2,2.0,2.2,0.066,-1.8,0.0,-1.9,0.1,252.0,620.0,0.406,22.0,59.0,0.373,230.0,561.0,0.41,0.424,102.0,156.0,0.654,131.0,204.0,335.0,105.0,64.0,21.0,79.0,143.0,628.0,47,0
1993.0,Todd Lichti,SG,26.0,DEN,48.0,12.0,752.0,12.9,0.516,0.022,0.37,4.9,9.5,7.2,10.2,1.8,0.9,13.2,20.0,0.4,0.8,1.2,0.078,-2.2,-0.7,-2.9,-0.2,124.0,276.0,0.449,2.0,6.0,0.333,122.0,270.0,0.452,0.453,81.0,102.0,0.794,35.0,67.0,102.0,52.0,28.0,11.0,49.0,60.0,331.0,4,3
1993.0,Alton Lister,C,34.0,GSW,20.0,9.0,174.0,4.3,0.472,0.0,0.31,9.6,18.6,14.1,3.8,0.0,3.2,27.4,15.4,-0.3,0.1,-0.2,-0.043,-6.9,-0.8,-7.7,-0.2,19.0,42.0,0.452,0.0,0.0,0.0,19.0,42.0,0.452,0.452,7.0,13.0,0.5379999999999999,15.0,29.0,44.0,5.0,0.0,9.0,18.0,40.0,45.0,4,3
1993.0,Brad Lohaus,PF,28.0,MIL,80.0,24.0,1766.0,13.3,0.55,0.375,0.16399999999999998,3.8,14.3,9.0,10.8,1.3,2.7,12.4,18.2,1.4,1.3,2.7,0.073,-0.5,-0.3,-0.8,0.5,283.0,614.0,0.461,85.0,230.0,0.37,198.0,384.0,0.516,0.53,73.0,101.0,0.723,59.0,217.0,276.0,127.0,47.0,74.0,93.0,178.0,724.0,18,0
1993.0,Grant Long,PF,26.0,MIA,76.0,62.0,2728.0,14.7,0.532,0.031,0.403,8.1,15.9,11.9,10.5,1.9,0.8,11.8,18.0,3.6,2.9,6.5,0.115,0.5,1.3,1.7,2.5,397.0,847.0,0.469,6.0,26.0,0.231,391.0,821.0,0.476,0.472,261.0,341.0,0.765,197.0,371.0,568.0,182.0,104.0,31.0,133.0,264.0,1061.0,9,5
1993.0,Luc Longley,C,24.0,MIN,55.0,25.0,1045.0,10.7,0.491,0.0,0.253,8.2,19.3,13.8,7.6,2.3,4.7,21.3,17.5,-1.1,1.3,0.2,0.006999999999999999,-4.8,2.3,-2.5,-0.1,133.0,292.0,0.455,0.0,0.0,0.0,133.0,292.0,0.455,0.455,53.0,74.0,0.716,71.0,169.0,240.0,51.0,47.0,77.0,88.0,169.0,319.0,4,3
1993.0,Kevin Lynch,SG,24.0,CHH,40.0,8.0,324.0,7.6,0.568,0.017,0.644,4.2,7.3,5.8,9.7,1.6,1.1,24.1,12.7,0.0,0.2,0.2,0.031,-3.2,-0.3,-3.6,-0.1,30.0,59.0,0.508,0.0,1.0,0.0,30.0,58.0,0.517,0.508,26.0,38.0,0.684,12.0,23.0,35.0,25.0,11.0,6.0,24.0,44.0,86.0,20,2
1993.0,Sam Mack,SF,22.0,SAS,40.0,0.0,267.0,13.7,0.495,0.18600000000000005,0.4920000000000001,8.1,12.3,10.3,8.5,2.6,1.2,13.3,27.3,0.0,0.4,0.3,0.06,-2.0,-1.5,-3.4,-0.1,47.0,118.0,0.398,3.0,22.0,0.136,44.0,96.0,0.458,0.411,45.0,58.0,0.7759999999999999,18.0,30.0,48.0,15.0,14.0,5.0,22.0,44.0,142.0,4,3
1993.0,Don MacLean,PF,23.0,WSB,62.0,4.0,674.0,14.0,0.4970000000000001,0.017,0.307,5.4,15.2,10.2,9.6,0.8,0.4,9.3,28.5,0.1,0.3,0.4,0.03,-3.2,-4.2,-7.4,-0.9,157.0,361.0,0.435,3.0,6.0,0.5,154.0,355.0,0.434,0.439,90.0,111.0,0.8109999999999999,33.0,89.0,122.0,39.0,11.0,4.0,42.0,82.0,407.0,4,3
1993.0,Mark Macon,PG,23.0,DEN,48.0,27.0,1141.0,8.8,0.439,0.016,0.157,3.0,6.5,4.8,15.6,2.9,0.2,15.0,17.1,-0.8,1.3,0.5,0.022,-3.3,0.4,-2.9,-0.3,158.0,381.0,0.415,0.0,6.0,0.0,158.0,375.0,0.421,0.415,42.0,60.0,0.7,33.0,70.0,103.0,126.0,69.0,3.0,72.0,135.0,358.0,4,3
1993.0,Rick Mahorn,PF,34.0,NJN,74.0,9.0,1077.0,10.3,0.5539999999999999,0.014,0.514,9.4,18.9,14.1,4.2,0.9,1.8,18.1,12.5,0.8,1.5,2.3,0.102,-3.0,0.7,-2.3,-0.1,101.0,214.0,0.472,1.0,3.0,0.333,100.0,211.0,0.474,0.474,88.0,110.0,0.8,93.0,186.0,279.0,33.0,19.0,31.0,58.0,156.0,291.0,48,0
1993.0,Dan Majerle,SG,27.0,PHO,82.0,82.0,3199.0,15.4,0.573,0.4,0.238,4.3,8.9,6.7,13.4,2.1,0.6,9.9,17.3,6.6,3.2,9.8,0.147,3.5,0.5,4.0,4.9,509.0,1096.0,0.464,167.0,438.0,0.381,342.0,658.0,0.52,0.541,203.0,261.0,0.778,120.0,263.0,383.0,311.0,138.0,33.0,133.0,180.0,1388.0,3,1
1993.0,Jeff Malone,SG,31.0,UTA,79.0,59.0,2558.0,13.7,0.5379999999999999,0.006999999999999999,0.23,1.4,6.1,3.9,8.2,0.8,0.1,8.6,24.4,2.4,1.2,3.6,0.068,-1.1,-2.6,-3.6,-1.1,595.0,1205.0,0.494,3.0,9.0,0.333,592.0,1196.0,0.495,0.495,236.0,277.0,0.852,31.0,142.0,173.0,128.0,42.0,4.0,125.0,117.0,1429.0,9,5
1993.0,Karl Malone*,PF,29.0,UTA,82.0,82.0,3099.0,26.2,0.612,0.014,0.579,8.6,24.6,16.9,16.9,2.0,1.8,11.7,28.4,10.4,5.0,15.4,0.238,5.4,2.2,7.6,7.6,797.0,1443.0,0.552,4.0,20.0,0.2,793.0,1423.0,0.557,0.5539999999999999,619.0,836.0,0.74,227.0,692.0,919.0,308.0,124.0,85.0,240.0,261.0,2217.0,9,5
1993.0,Moses Malone*,C,37.0,MIL,11.0,0.0,104.0,18.7,0.449,0.0,0.738,24.2,26.9,25.6,9.6,0.5,5.0,15.2,27.1,0.0,0.1,0.1,0.069,-3.1,-0.9,-4.0,-0.1,13.0,42.0,0.31,0.0,0.0,0.0,13.0,42.0,0.31,0.31,24.0,31.0,0.774,22.0,24.0,46.0,7.0,1.0,8.0,10.0,6.0,50.0,4,3
1993.0,Danny Manning,PF,26.0,LAC,79.0,77.0,2761.0,19.6,0.565,0.022,0.35100000000000003,7.8,13.1,10.4,11.7,1.9,2.3,12.6,27.2,4.7,3.1,7.9,0.13699999999999998,2.0,0.1,2.1,2.9,702.0,1379.0,0.509,8.0,30.0,0.267,694.0,1349.0,0.514,0.512,388.0,484.0,0.802,198.0,322.0,520.0,207.0,108.0,101.0,230.0,323.0,1800.0,9,5
1993.0,Sarunas Marciulionis*,SF,28.0,GSW,30.0,8.0,836.0,20.4,0.618,0.046,0.649,5.3,7.6,6.5,19.0,2.9,0.1,15.3,24.3,2.3,0.6,3.0,0.17,3.2,-0.8,2.4,0.9,178.0,328.0,0.5429999999999999,3.0,15.0,0.2,175.0,313.0,0.5589999999999999,0.547,162.0,213.0,0.7609999999999999,40.0,57.0,97.0,105.0,51.0,2.0,76.0,92.0,521.0,20,2
1993.0,Anthony Mason,PF,26.0,NYK,81.0,0.0,2482.0,12.9,0.5489999999999999,0.0,0.464,10.7,17.8,14.3,10.1,0.9,0.5,15.3,15.6,2.7,4.7,7.4,0.14300000000000002,-0.5,2.7,2.1,2.6,316.0,629.0,0.502,0.0,0.0,0.0,316.0,629.0,0.502,0.502,199.0,292.0,0.682,231.0,409.0,640.0,170.0,43.0,19.0,137.0,240.0,831.0,9,5
1993.0,Marlon Maxey,PF,23.0,MIN,43.0,3.0,520.0,15.8,0.578,0.006,0.414,15.4,22.5,19.0,3.9,1.1,2.2,16.0,20.3,0.5,0.4,0.9,0.087,-2.0,-2.5,-4.5,-0.3,93.0,169.0,0.55,0.0,1.0,0.0,93.0,168.0,0.5539999999999999,0.55,45.0,70.0,0.643,66.0,98.0,164.0,12.0,11.0,18.0,38.0,75.0,231.0,20,2
1993.0,Vernon Maxwell,SG,27.0,HOU,71.0,68.0,2251.0,13.4,0.512,0.421,0.266,1.6,9.1,5.6,19.6,1.9,0.2,12.7,21.5,1.4,2.5,3.9,0.08199999999999999,0.6,-0.9,-0.2,1.0,349.0,858.0,0.407,120.0,361.0,0.332,229.0,497.0,0.461,0.477,164.0,228.0,0.7190000000000001,29.0,192.0,221.0,297.0,86.0,8.0,140.0,124.0,982.0,3,1
1993.0,Lee Mayberry,PG,22.0,MIL,82.0,4.0,1503.0,11.0,0.524,0.293,0.181,2.0,7.1,4.5,25.4,2.0,0.3,17.3,14.0,1.1,0.6,1.8,0.056,-1.4,-2.2,-3.6,-0.6,171.0,375.0,0.456,43.0,110.0,0.391,128.0,265.0,0.483,0.513,39.0,68.0,0.574,26.0,92.0,118.0,273.0,59.0,7.0,85.0,148.0,424.0,49,0
1993.0,Travis Mays,PG,24.0,ATL,49.0,9.0,787.0,10.1,0.494,0.272,0.265,2.7,4.9,3.7,13.2,1.3,0.2,12.9,20.8,0.1,0.2,0.3,0.02,-2.0,-3.4,-5.3,-0.7,129.0,309.0,0.417,29.0,84.0,0.345,100.0,225.0,0.444,0.464,54.0,82.0,0.659,20.0,33.0,53.0,72.0,21.0,3.0,51.0,59.0,341.0,4,3
1993.0,Bob McCann,SF,28.0,MIN,79.0,7.0,1536.0,10.9,0.519,0.005,0.371,7.3,14.8,11.1,7.0,1.7,2.4,14.2,16.1,0.2,1.1,1.3,0.041,-3.0,0.1,-2.9,-0.4,200.0,410.0,0.488,0.0,2.0,0.0,200.0,408.0,0.49,0.488,95.0,152.0,0.625,92.0,190.0,282.0,68.0,51.0,58.0,79.0,202.0,495.0,17,4
1993.0,George McCloud,SF,25.0,IND,78.0,21.0,1500.0,11.2,0.496,0.345,0.194,4.4,10.5,7.5,18.0,1.8,0.5,15.8,19.1,0.4,1.0,1.4,0.044,-0.4,-1.1,-1.5,0.2,216.0,525.0,0.411,58.0,181.0,0.32,158.0,344.0,0.459,0.467,75.0,102.0,0.735,60.0,145.0,205.0,192.0,53.0,11.0,107.0,165.0,565.0,18,0
1993.0,Rodney McCray,SF,31.0,CHI,64.0,5.0,1019.0,7.6,0.489,0.025,0.255,5.8,12.3,8.9,10.1,0.6,1.0,18.9,11.9,0.1,0.8,0.9,0.044,-3.6,-0.4,-4.0,-0.5,92.0,204.0,0.451,2.0,5.0,0.4,90.0,199.0,0.452,0.456,36.0,52.0,0.6920000000000001,53.0,105.0,158.0,81.0,12.0,15.0,53.0,99.0,222.0,4,3
1993.0,Xavier McDaniel,PF,29.0,BOS,82.0,27.0,2215.0,16.3,0.539,0.024,0.261,8.7,16.2,12.5,11.0,1.6,1.4,14.2,23.6,1.9,2.5,4.4,0.096,0.3,0.5,0.9,1.6,457.0,924.0,0.495,6.0,22.0,0.273,451.0,902.0,0.5,0.498,191.0,241.0,0.7929999999999999,168.0,321.0,489.0,163.0,72.0,51.0,171.0,249.0,1111.0,9,5
1993.0,Kevin McHale*,PF,35.0,BOS,71.0,0.0,1656.0,14.4,0.519,0.028,0.3,6.6,17.8,12.2,6.4,0.5,2.2,11.1,21.7,1.2,1.6,2.8,0.08199999999999999,-1.9,-0.6,-2.5,-0.2,298.0,649.0,0.459,2.0,18.0,0.111,296.0,631.0,0.469,0.461,164.0,195.0,0.841,95.0,263.0,358.0,73.0,16.0,59.0,92.0,126.0,762.0,50,0
1993.0,Derrick McKey,SF,26.0,SEA,77.0,68.0,2439.0,15.0,0.568,0.14400000000000002,0.381,5.7,10.0,7.8,11.2,2.2,1.6,14.3,18.3,3.6,3.0,6.6,0.13,1.4,1.1,2.5,2.8,387.0,780.0,0.496,40.0,112.0,0.35700000000000004,347.0,668.0,0.519,0.522,220.0,297.0,0.741,121.0,206.0,327.0,197.0,105.0,58.0,152.0,208.0,1034.0,9,5
1993.0,Nate McMillan,PG,28.0,SEA,73.0,25.0,1977.0,15.1,0.527,0.142,0.292,4.9,13.3,9.0,25.2,4.4,1.1,21.2,14.0,1.9,3.7,5.6,0.136,0.9,3.5,4.4,3.2,213.0,459.0,0.464,25.0,65.0,0.385,188.0,394.0,0.477,0.491,95.0,134.0,0.7090000000000001,84.0,222.0,306.0,384.0,173.0,33.0,139.0,240.0,546.0,51,0
1993.0,Oliver Miller,C,22.0,PHO,56.0,1.0,1069.0,12.7,0.523,0.012,0.392,7.5,20.9,14.3,14.3,1.7,5.6,26.5,15.7,-0.4,1.9,1.6,0.07,-3.2,4.5,1.3,0.9,121.0,255.0,0.475,0.0,3.0,0.0,121.0,252.0,0.48,0.475,71.0,100.0,0.71,70.0,205.0,275.0,118.0,38.0,100.0,108.0,145.0,313.0,4,3
1993.0,Reggie Miller*,SG,27.0,IND,82.0,82.0,2954.0,19.4,0.617,0.35100000000000003,0.407,2.5,7.0,4.8,13.4,2.0,0.6,9.3,22.2,9.6,1.7,11.3,0.183,5.4,-1.6,3.8,4.4,571.0,1193.0,0.479,167.0,419.0,0.399,404.0,774.0,0.522,0.5489999999999999,427.0,485.0,0.88,67.0,191.0,258.0,262.0,120.0,26.0,145.0,182.0,1736.0,3,1
1993.0,Terry Mills,PF,25.0,DET,81.0,46.0,2183.0,15.5,0.506,0.034,0.237,8.5,15.7,12.0,8.5,1.0,1.5,10.7,26.0,1.7,2.1,3.8,0.084,-1.0,-0.7,-1.7,0.2,494.0,1072.0,0.461,10.0,36.0,0.278,484.0,1036.0,0.467,0.465,201.0,254.0,0.7909999999999999,176.0,296.0,472.0,111.0,44.0,50.0,142.0,282.0,1199.0,9,5
1993.0,Harold Miner,SG,21.0,MIA,73.0,0.0,1383.0,14.3,0.529,0.015,0.348,6.0,6.2,6.1,9.3,1.2,0.4,11.5,25.1,1.3,0.7,2.0,0.069,-1.1,-2.8,-3.9,-0.7,292.0,615.0,0.475,3.0,9.0,0.333,289.0,606.0,0.477,0.477,163.0,214.0,0.762,74.0,73.0,147.0,73.0,34.0,8.0,92.0,130.0,750.0,52,0
1993.0,Sam Mitchell,SF,29.0,IND,81.0,1.0,1402.0,11.9,0.517,0.048,0.383,7.4,12.0,9.7,7.7,0.8,0.5,8.3,18.6,2.1,0.7,2.8,0.095,-0.9,-2.2,-3.1,-0.4,215.0,483.0,0.445,4.0,23.0,0.174,211.0,460.0,0.459,0.449,150.0,185.0,0.8109999999999999,93.0,155.0,248.0,76.0,23.0,10.0,51.0,207.0,584.0,53,0
1993.0,Tracy Moore,SG,27.0,DAL,39.0,1.0,510.0,14.8,0.511,0.269,0.245,4.5,6.7,5.5,15.4,2.0,0.5,10.4,24.6,0.5,0.0,0.5,0.046,0.8,-3.5,-2.7,-0.1,103.0,249.0,0.414,23.0,67.0,0.343,80.0,182.0,0.44,0.46,53.0,61.0,0.8690000000000001,23.0,29.0,52.0,47.0,21.0,4.0,32.0,54.0,282.0,4,3
1993.0,Chris Morris,SF,27.0,NJN,77.0,57.0,2302.0,17.8,0.534,0.084,0.273,10.7,10.8,10.8,7.2,3.1,1.4,10.5,20.7,3.6,3.6,7.2,0.151,1.7,1.6,3.3,3.1,436.0,907.0,0.481,17.0,76.0,0.224,419.0,831.0,0.504,0.49,197.0,248.0,0.794,227.0,227.0,454.0,106.0,144.0,52.0,119.0,171.0,1086.0,9,5
1993.0,Isaiah Morris,SF,23.0,DET,25.0,0.0,102.0,10.6,0.468,0.0,0.07,6.2,6.8,6.5,6.9,1.5,0.6,12.0,28.1,-0.1,0.1,0.0,-0.022,-4.7,-3.2,-7.9,-0.2,26.0,57.0,0.456,0.0,0.0,0.0,26.0,57.0,0.456,0.456,3.0,4.0,0.75,6.0,6.0,12.0,4.0,3.0,1.0,8.0,14.0,55.0,4,3
1993.0,Alonzo Mourning*,C,22.0,CHH,78.0,78.0,2644.0,20.8,0.586,0.003,0.5670000000000001,11.2,21.0,16.4,4.3,0.5,5.8,14.4,25.5,4.8,3.4,8.2,0.14800000000000002,-0.1,0.2,0.2,1.4,572.0,1119.0,0.511,0.0,3.0,0.0,572.0,1116.0,0.513,0.511,495.0,634.0,0.7809999999999999,263.0,542.0,805.0,76.0,27.0,271.0,236.0,286.0,1639.0,9,5
1993.0,Chris Mullin*,SF,29.0,GSW,46.0,46.0,1902.0,19.0,0.578,0.14300000000000002,0.243,2.5,11.2,6.8,14.0,1.7,1.3,11.9,25.1,3.6,1.3,4.9,0.122,2.4,-0.7,1.7,1.8,474.0,930.0,0.51,60.0,133.0,0.451,414.0,797.0,0.519,0.542,183.0,226.0,0.81,42.0,190.0,232.0,166.0,68.0,41.0,139.0,76.0,1191.0,58,0
1993.0,Eric Murdock,PG,24.0,MIL,79.0,78.0,2437.0,19.3,0.534,0.127,0.316,4.5,9.0,6.7,38.2,3.6,0.2,16.3,22.4,4.0,2.2,6.1,0.121,2.8,-0.4,2.4,2.7,438.0,936.0,0.468,31.0,119.0,0.261,407.0,817.0,0.498,0.485,231.0,296.0,0.78,95.0,189.0,284.0,603.0,174.0,7.0,207.0,177.0,1138.0,3,1
1993.0,Tracy Murray,SF,21.0,POR,48.0,14.0,495.0,11.9,0.49,0.269,0.154,8.6,9.8,9.2,3.5,0.8,0.6,10.0,25.6,0.1,0.4,0.5,0.049,-2.1,-4.2,-6.3,-0.5,108.0,260.0,0.415,21.0,70.0,0.3,87.0,190.0,0.458,0.456,35.0,40.0,0.875,40.0,43.0,83.0,11.0,8.0,5.0,31.0,59.0,272.0,4,3
1993.0,Jerrod Mustaf,PF,23.0,PHO,32.0,9.0,336.0,12.7,0.479,0.008,0.408,9.9,17.5,13.8,4.2,2.0,2.0,12.5,21.5,0.0,0.5,0.5,0.065,-3.9,-0.9,-4.8,-0.2,57.0,130.0,0.438,0.0,1.0,0.0,57.0,129.0,0.442,0.438,33.0,53.0,0.623,29.0,54.0,83.0,10.0,14.0,11.0,22.0,40.0,147.0,4,3
1993.0,Dikembe Mutombo*,C,26.0,DEN,82.0,82.0,3029.0,17.2,0.5670000000000001,0.0,0.63,11.9,25.5,18.7,6.8,0.7,5.7,17.8,16.3,3.3,5.5,8.8,0.139,-1.0,3.7,2.7,3.6,398.0,781.0,0.51,0.0,0.0,0.0,398.0,781.0,0.51,0.51,335.0,492.0,0.6809999999999999,344.0,726.0,1070.0,147.0,43.0,287.0,216.0,284.0,1131.0,9,5
1993.0,Larry Nance,PF,33.0,CLE,77.0,77.0,2753.0,19.8,0.5870000000000001,0.004,0.254,8.0,19.3,13.9,12.1,1.0,4.4,9.0,19.1,6.3,4.4,10.7,0.187,1.7,2.7,4.4,4.4,533.0,971.0,0.5489999999999999,0.0,4.0,0.0,533.0,967.0,0.551,0.5489999999999999,202.0,247.0,0.818,184.0,484.0,668.0,223.0,54.0,198.0,107.0,223.0,1268.0,9,5
1993.0,Ed Nealy,PF,32.0,TOT,41.0,4.0,308.0,8.3,0.464,0.391,0.174,4.4,19.2,11.7,6.1,1.9,0.4,8.6,11.0,0.1,0.3,0.5,0.073,-3.0,-0.3,-3.3,-0.1,26.0,69.0,0.377,8.0,27.0,0.29600000000000004,18.0,42.0,0.429,0.435,9.0,12.0,0.75,12.0,52.0,64.0,15.0,12.0,2.0,7.0,41.0,69.0,4,3
1993.0,Melvin Newbern,SG,25.0,DET,33.0,1.0,311.0,11.5,0.4270000000000001,0.071,0.531,6.5,6.7,6.6,26.5,3.8,0.2,18.7,23.6,-0.4,0.4,0.0,0.0,-2.7,0.5,-2.2,0.0,42.0,113.0,0.3720000000000001,1.0,8.0,0.125,41.0,105.0,0.39,0.376,34.0,60.0,0.5670000000000001,19.0,18.0,37.0,57.0,23.0,1.0,32.0,42.0,119.0,4,3
1993.0,Johnny Newman,SF,29.0,CHH,64.0,27.0,1471.0,15.5,0.597,0.084,0.449,5.5,4.9,5.2,11.4,1.5,0.7,12.3,20.5,3.1,0.6,3.7,0.12,1.6,-1.9,-0.2,0.7,279.0,534.0,0.522,12.0,45.0,0.267,267.0,489.0,0.546,0.534,194.0,240.0,0.8079999999999999,72.0,71.0,143.0,117.0,45.0,19.0,90.0,154.0,764.0,54,0
1993.0,Ken Norman,SF,28.0,LAC,76.0,71.0,2477.0,15.7,0.53,0.039,0.226,9.2,16.4,12.8,9.6,1.2,1.5,10.4,19.9,2.7,2.5,5.2,0.101,0.3,0.1,0.4,1.5,498.0,975.0,0.511,10.0,38.0,0.263,488.0,937.0,0.521,0.516,131.0,220.0,0.595,209.0,362.0,571.0,165.0,59.0,58.0,125.0,156.0,1137.0,9,5
1993.0,Shaquille O'Neal*,C,20.0,ORL,81.0,81.0,3071.0,22.9,0.584,0.002,0.5529999999999999,13.4,27.1,20.6,8.5,1.0,5.7,15.9,27.0,4.5,6.0,10.4,0.163,0.9,2.8,3.7,4.4,733.0,1304.0,0.562,0.0,2.0,0.0,733.0,1302.0,0.563,0.562,427.0,721.0,0.5920000000000001,342.0,780.0,1122.0,152.0,60.0,286.0,307.0,321.0,1893.0,9,5
1993.0,Charles Oakley,PF,29.0,NYK,82.0,82.0,2230.0,12.6,0.556,0.002,0.408,14.8,20.3,17.7,8.0,1.9,0.5,19.6,12.3,2.2,5.1,7.3,0.157,-0.4,3.9,3.5,3.1,219.0,431.0,0.508,0.0,1.0,0.0,219.0,430.0,0.509,0.508,127.0,176.0,0.722,288.0,420.0,708.0,126.0,85.0,15.0,124.0,289.0,565.0,24,0
1993.0,Hakeem Olajuwon*,C,30.0,HOU,82.0,82.0,3242.0,27.3,0.5770000000000001,0.005,0.35600000000000004,10.5,25.9,18.7,15.8,2.4,6.5,12.4,28.8,7.9,8.0,15.8,0.234,3.0,5.4,8.4,8.5,848.0,1603.0,0.529,0.0,8.0,0.0,848.0,1595.0,0.532,0.529,444.0,570.0,0.779,283.0,785.0,1068.0,291.0,150.0,342.0,262.0,305.0,2140.0,9,5
1993.0,Doug Overton,PG,23.0,WSB,45.0,13.0,990.0,11.8,0.51,0.04,0.251,2.8,9.4,6.0,23.3,1.5,0.4,16.7,18.5,0.1,0.4,0.6,0.028,-2.3,-1.7,-4.0,-0.5,152.0,323.0,0.471,3.0,13.0,0.231,149.0,310.0,0.481,0.475,59.0,81.0,0.728,25.0,81.0,106.0,157.0,31.0,6.0,72.0,81.0,366.0,4,3
1993.0,Billy Owens,PF,23.0,GSW,37.0,37.0,1201.0,16.9,0.534,0.022,0.371,10.0,14.5,12.3,18.0,1.4,1.4,15.6,23.1,1.3,0.9,2.2,0.087,1.1,0.4,1.5,1.0,247.0,493.0,0.501,1.0,11.0,0.091,246.0,482.0,0.51,0.502,117.0,183.0,0.639,108.0,156.0,264.0,144.0,35.0,28.0,106.0,105.0,612.0,55,0
1993.0,Robert Pack,PG,23.0,DEN,77.0,1.0,1579.0,16.4,0.545,0.013,0.513,3.5,7.3,5.4,31.9,2.5,0.4,19.9,23.9,1.4,1.7,3.1,0.095,0.1,-1.2,-1.0,0.4,285.0,606.0,0.47,1.0,8.0,0.125,284.0,598.0,0.475,0.471,239.0,311.0,0.768,52.0,108.0,160.0,335.0,81.0,10.0,185.0,182.0,810.0,56,0
1993.0,Gerald Paddio,SF,27.0,SEA,41.0,3.0,307.0,16.3,0.47,0.05,0.132,6.4,12.8,9.5,16.6,2.3,1.3,8.7,25.3,0.2,0.4,0.6,0.096,-0.9,-0.9,-1.8,0.0,71.0,159.0,0.447,2.0,8.0,0.25,69.0,151.0,0.457,0.453,14.0,21.0,0.667,17.0,33.0,50.0,33.0,14.0,6.0,16.0,24.0,158.0,4,3
1993.0,Walter Palmer,C,24.0,DAL,20.0,0.0,124.0,12.8,0.4920000000000001,0.0,0.158,9.6,30.6,19.2,6.9,0.4,2.6,14.1,23.3,-0.1,0.1,0.0,0.006,-5.2,-2.6,-7.8,-0.2,27.0,57.0,0.474,0.0,0.0,0.0,27.0,57.0,0.474,0.474,6.0,9.0,0.667,12.0,32.0,44.0,5.0,1.0,5.0,10.0,29.0,60.0,4,3
1993.0,Robert Parish*,C,39.0,BOS,79.0,79.0,2146.0,19.2,0.565,0.0,0.302,13.1,25.8,19.5,4.2,1.3,3.1,12.0,20.2,3.4,3.4,6.8,0.152,0.0,0.7,0.7,1.5,416.0,777.0,0.535,0.0,0.0,0.0,416.0,777.0,0.535,0.535,162.0,235.0,0.6890000000000001,246.0,494.0,740.0,61.0,57.0,107.0,120.0,201.0,994.0,9,5
1993.0,John Paxson,PG,32.0,CHI,59.0,8.0,1030.0,9.3,0.509,0.17600000000000002,0.086,1.0,4.5,2.7,17.1,1.9,0.1,11.4,11.5,1.1,0.8,1.9,0.087,-2.0,-1.9,-3.8,-0.5,105.0,233.0,0.451,19.0,41.0,0.463,86.0,192.0,0.448,0.491,17.0,20.0,0.85,9.0,39.0,48.0,136.0,38.0,2.0,31.0,99.0,246.0,4,3
1993.0,Kenny Payne,SF,26.0,PHI,13.0,0.0,154.0,14.2,0.458,0.2,0.044,2.8,14.0,8.4,20.8,1.6,0.8,7.1,27.1,-0.1,0.1,0.0,0.014,-1.1,-2.6,-3.7,-0.1,38.0,90.0,0.422,4.0,18.0,0.222,34.0,72.0,0.472,0.444,4.0,4.0,1.0,4.0,20.0,24.0,18.0,5.0,2.0,7.0,15.0,84.0,4,3
1993.0,Gary Payton*,PG,24.0,SEA,82.0,78.0,2548.0,17.0,0.529,0.035,0.204,4.3,8.7,6.4,22.7,3.5,0.6,12.4,19.8,4.2,3.6,7.8,0.147,1.9,1.2,3.1,3.3,476.0,963.0,0.494,7.0,34.0,0.206,469.0,929.0,0.505,0.498,151.0,196.0,0.77,95.0,186.0,281.0,399.0,177.0,21.0,148.0,250.0,1110.0,3,1
1993.0,Anthony Peeler,SG,23.0,LAL,77.0,11.0,1656.0,13.9,0.5529999999999999,0.18600000000000005,0.325,4.4,8.0,6.2,15.3,1.8,0.5,14.5,21.9,1.7,1.0,2.7,0.078,0.3,-1.7,-1.4,0.2,297.0,634.0,0.468,46.0,118.0,0.39,251.0,516.0,0.486,0.505,162.0,206.0,0.7859999999999999,64.0,115.0,179.0,166.0,60.0,14.0,123.0,193.0,802.0,38,0
1993.0,Will Perdue,C,27.0,CHI,72.0,16.0,998.0,14.8,0.578,0.004,0.451,11.5,22.0,16.6,10.0,1.1,3.1,20.1,16.0,1.0,1.5,2.5,0.12,-1.6,1.2,-0.4,0.4,137.0,246.0,0.557,0.0,1.0,0.0,137.0,245.0,0.5589999999999999,0.557,67.0,111.0,0.604,103.0,184.0,287.0,74.0,22.0,47.0,74.0,139.0,341.0,17,4
1993.0,Sam Perkins,PF,31.0,TOT,79.0,62.0,2351.0,16.5,0.555,0.08900000000000001,0.382,7.9,17.8,12.8,9.7,1.3,2.2,10.4,18.8,4.3,2.6,6.9,0.141,0.6,0.6,1.2,1.9,381.0,799.0,0.477,24.0,71.0,0.338,357.0,728.0,0.49,0.4920000000000001,250.0,305.0,0.82,163.0,361.0,524.0,156.0,60.0,82.0,108.0,225.0,1036.0,9,5
1993.0,Tim Perry,PF,27.0,PHI,81.0,51.0,2104.0,12.0,0.519,0.08,0.338,8.0,13.1,10.5,8.9,0.9,2.5,14.9,16.6,0.7,1.3,2.0,0.046,-2.1,0.3,-1.8,0.1,287.0,613.0,0.468,10.0,49.0,0.204,277.0,564.0,0.491,0.476,147.0,207.0,0.71,154.0,255.0,409.0,126.0,40.0,91.0,123.0,159.0,731.0,9,5
1993.0,Chuck Person,SF,28.0,MIN,78.0,75.0,2985.0,12.2,0.495,0.266,0.135,4.0,13.4,8.7,19.6,1.1,0.6,14.2,22.9,-1.1,1.1,0.0,0.0,-0.3,-1.4,-1.7,0.2,541.0,1248.0,0.433,118.0,332.0,0.355,423.0,916.0,0.462,0.481,109.0,168.0,0.649,98.0,335.0,433.0,343.0,67.0,30.0,219.0,198.0,1309.0,3,1
1993.0,Drazen Petrovic*,SG,28.0,NJN,70.0,67.0,2660.0,17.3,0.605,0.147,0.319,1.7,6.1,3.9,15.3,1.8,0.3,13.6,23.6,5.8,2.6,8.4,0.152,3.0,-1.0,2.0,2.7,587.0,1134.0,0.518,75.0,167.0,0.449,512.0,967.0,0.529,0.551,315.0,362.0,0.87,42.0,148.0,190.0,247.0,94.0,13.0,204.0,237.0,1564.0,3,1
1993.0,Bobby Phills,SG,23.0,CLE,31.0,0.0,139.0,14.2,0.5,0.061,0.305,5.2,8.7,7.0,12.2,3.6,0.9,16.2,35.4,-0.3,0.2,-0.1,-0.027000000000000003,-4.2,-2.2,-6.4,-0.2,38.0,82.0,0.463,2.0,5.0,0.4,36.0,77.0,0.468,0.476,15.0,25.0,0.6,6.0,11.0,17.0,10.0,10.0,2.0,18.0,19.0,93.0,4,3
1993.0,Ricky Pierce,SG,33.0,SEA,77.0,72.0,2218.0,19.2,0.5720000000000001,0.106,0.329,3.0,7.2,5.1,15.5,2.3,0.2,11.5,26.3,5.4,2.3,7.7,0.16699999999999998,2.6,-1.6,1.1,1.7,524.0,1071.0,0.489,42.0,113.0,0.3720000000000001,482.0,958.0,0.503,0.509,313.0,352.0,0.889,58.0,134.0,192.0,220.0,100.0,7.0,160.0,167.0,1403.0,3,1
1993.0,Ed Pinckney,PF,29.0,BOS,7.0,5.0,151.0,10.5,0.5379999999999999,0.0,0.542,10.6,21.5,16.1,0.8,1.3,2.9,21.2,10.8,0.1,0.2,0.3,0.084,-4.0,0.6,-3.3,-0.1,10.0,24.0,0.417,0.0,0.0,0.0,10.0,24.0,0.417,0.417,12.0,13.0,0.923,14.0,29.0,43.0,1.0,4.0,7.0,8.0,13.0,32.0,4,3
1993.0,Scottie Pippen*,SF,27.0,CHI,81.0,81.0,3123.0,19.2,0.51,0.07,0.264,7.3,16.0,11.5,24.0,2.9,1.6,14.2,23.9,3.8,4.8,8.6,0.132,2.0,2.3,4.3,5.0,628.0,1327.0,0.473,22.0,93.0,0.237,606.0,1234.0,0.491,0.482,232.0,350.0,0.6629999999999999,203.0,418.0,621.0,507.0,173.0,73.0,246.0,219.0,1510.0,9,5
1993.0,Gary Plummer,PF,30.0,DEN,60.0,0.0,737.0,8.6,0.521,0.013,0.417,7.6,17.3,12.4,7.7,0.9,0.9,22.4,19.2,-0.5,0.9,0.4,0.024,-4.7,-0.8,-5.4,-0.6,106.0,228.0,0.465,0.0,3.0,0.0,106.0,225.0,0.471,0.465,69.0,95.0,0.726,53.0,120.0,173.0,40.0,14.0,11.0,78.0,141.0,281.0,4,3
1993.0,Olden Polynice,C,28.0,DET,67.0,18.0,1299.0,14.6,0.494,0.002,0.331,14.8,21.1,17.8,3.4,1.2,1.0,9.9,18.0,1.1,1.5,2.6,0.095,-2.0,-0.8,-2.8,-0.3,210.0,429.0,0.49,0.0,1.0,0.0,210.0,428.0,0.491,0.49,66.0,142.0,0.465,181.0,237.0,418.0,29.0,31.0,21.0,54.0,126.0,486.0,57,0
1993.0,Terry Porter,PG,29.0,POR,81.0,81.0,2883.0,17.0,0.5770000000000001,0.311,0.35,2.1,10.1,6.0,21.7,1.7,0.2,13.5,21.1,5.7,3.1,8.8,0.147,2.9,-0.5,2.4,3.2,503.0,1108.0,0.454,143.0,345.0,0.414,360.0,763.0,0.472,0.519,327.0,388.0,0.843,58.0,258.0,316.0,419.0,101.0,10.0,199.0,122.0,1476.0,3,1
1993.0,Paul Pressey,SG,34.0,GSW,18.0,0.0,268.0,8.4,0.507,0.061,0.409,3.3,9.6,6.5,14.6,2.0,1.2,22.8,15.4,-0.1,0.2,0.1,0.018000000000000002,-3.7,-0.1,-3.8,-0.1,29.0,66.0,0.439,0.0,4.0,0.0,29.0,62.0,0.468,0.439,21.0,27.0,0.778,8.0,23.0,31.0,30.0,11.0,5.0,23.0,36.0,79.0,4,3
1993.0,Brent Price,PG,24.0,WSB,68.0,9.0,859.0,9.3,0.424,0.172,0.244,3.6,10.0,6.7,25.0,3.2,0.2,21.6,19.5,-1.4,0.7,-0.6,-0.035,-4.3,-0.6,-4.9,-0.6,100.0,279.0,0.358,8.0,48.0,0.16699999999999998,92.0,231.0,0.398,0.373,54.0,68.0,0.794,28.0,75.0,103.0,154.0,56.0,3.0,85.0,90.0,262.0,4,3
1993.0,Mark Price,PG,28.0,CLE,75.0,74.0,2380.0,22.1,0.609,0.297,0.309,1.9,7.6,4.8,38.1,1.9,0.3,14.9,24.5,7.4,2.3,9.8,0.197,5.5,-2.3,3.2,3.1,477.0,986.0,0.484,122.0,293.0,0.416,355.0,693.0,0.512,0.546,289.0,305.0,0.948,37.0,164.0,201.0,602.0,89.0,11.0,196.0,105.0,1365.0,3,1
1993.0,Kurt Rambis,PF,34.0,TOT,72.0,1.0,822.0,11.2,0.562,0.016,0.504,10.0,21.1,15.3,8.4,2.5,1.4,21.0,9.9,0.6,1.1,1.7,0.098,-2.2,2.1,-0.1,0.4,67.0,129.0,0.519,0.0,2.0,0.0,67.0,127.0,0.528,0.519,43.0,65.0,0.662,77.0,150.0,227.0,53.0,43.0,18.0,42.0,122.0,177.0,17,4
1993.0,Mark Randall,PF,25.0,TOT,37.0,0.0,248.0,11.9,0.53,0.1,0.325,11.5,13.1,12.3,6.6,0.8,0.5,15.7,18.8,0.1,0.2,0.3,0.061,-2.2,-1.7,-3.9,-0.1,40.0,80.0,0.5,1.0,8.0,0.125,39.0,72.0,0.542,0.506,16.0,26.0,0.615,27.0,28.0,55.0,11.0,4.0,2.0,17.0,33.0,97.0,20,2
1993.0,Blair Rasmussen,C,30.0,ATL,22.0,6.0,283.0,4.8,0.414,0.075,0.163,7.6,14.3,10.8,2.4,0.9,2.2,12.3,14.3,-0.2,0.2,0.0,-0.002,-5.7,-1.1,-6.8,-0.3,30.0,80.0,0.375,2.0,6.0,0.333,28.0,74.0,0.378,0.388,9.0,13.0,0.6920000000000001,20.0,35.0,55.0,5.0,5.0,10.0,12.0,61.0,71.0,4,3
1993.0,J.R. Reid,PF,24.0,TOT,83.0,25.0,1887.0,12.5,0.5429999999999999,0.008,0.471,7.6,19.3,13.7,6.1,1.2,1.0,14.8,19.5,1.1,2.3,3.4,0.087,-2.2,-0.3,-2.5,-0.2,283.0,595.0,0.476,0.0,5.0,0.0,283.0,590.0,0.48,0.476,214.0,280.0,0.764,120.0,336.0,456.0,80.0,47.0,31.0,125.0,266.0,780.0,9,5
1993.0,Glen Rice,SF,25.0,MIA,82.0,82.0,3082.0,15.0,0.534,0.292,0.223,3.4,12.6,7.9,9.9,1.5,0.5,9.7,22.7,3.8,2.5,6.3,0.098,1.4,-1.0,0.5,1.9,582.0,1324.0,0.44,148.0,386.0,0.383,434.0,938.0,0.463,0.495,242.0,295.0,0.82,92.0,332.0,424.0,180.0,92.0,25.0,157.0,201.0,1554.0,3,1
1993.0,Pooh Richardson,PG,26.0,IND,74.0,73.0,2396.0,14.5,0.508,0.041,0.17600000000000002,2.9,9.2,6.1,33.6,2.0,0.3,18.1,16.3,2.5,1.5,4.0,0.079,0.1,-0.9,-0.8,0.7,337.0,703.0,0.479,3.0,29.0,0.103,334.0,674.0,0.496,0.482,92.0,124.0,0.742,63.0,204.0,267.0,573.0,94.0,12.0,167.0,132.0,769.0,3,1
1993.0,Mitch Richmond*,SG,27.0,SAC,45.0,45.0,1728.0,15.6,0.5579999999999999,0.166,0.298,1.1,9.1,5.0,20.2,1.5,0.3,12.8,23.9,2.2,0.9,3.1,0.087,1.5,-1.8,-0.3,0.7,371.0,782.0,0.474,48.0,130.0,0.369,323.0,652.0,0.495,0.505,197.0,233.0,0.845,18.0,136.0,154.0,221.0,53.0,9.0,130.0,137.0,987.0,58,0
1993.0,Doc Rivers,PG,31.0,NYK,77.0,45.0,1886.0,14.6,0.534,0.249,0.328,1.6,9.5,5.7,31.1,3.3,0.3,16.8,15.6,2.4,4.1,6.5,0.166,0.3,2.1,2.5,2.1,216.0,494.0,0.4370000000000001,39.0,123.0,0.317,177.0,371.0,0.477,0.477,133.0,162.0,0.821,26.0,166.0,192.0,405.0,123.0,9.0,114.0,215.0,604.0,59,0
1993.0,Fred Roberts,C,32.0,MIL,79.0,5.0,1488.0,15.5,0.596,0.068,0.395,7.0,11.4,9.2,11.7,1.9,1.2,11.8,16.4,3.0,1.0,3.9,0.127,0.5,-0.4,0.1,0.8,226.0,428.0,0.528,12.0,29.0,0.414,214.0,399.0,0.536,0.542,135.0,169.0,0.799,91.0,146.0,237.0,118.0,57.0,27.0,67.0,138.0,599.0,60,0
1993.0,Stanley Roberts,C,22.0,LAC,77.0,76.0,1816.0,14.7,0.531,0.0,0.34600000000000003,10.9,18.3,14.6,4.7,0.9,4.9,12.9,21.3,0.8,2.4,3.2,0.085,-2.1,0.4,-1.7,0.1,375.0,711.0,0.527,0.0,0.0,0.0,375.0,711.0,0.527,0.527,120.0,246.0,0.488,181.0,297.0,478.0,59.0,34.0,141.0,121.0,332.0,870.0,24,0
1993.0,Alvin Robertson,SG,30.0,TOT,69.0,54.0,2006.0,13.2,0.519,0.226,0.237,5.8,9.4,7.6,18.6,3.9,0.6,18.3,15.6,1.0,2.4,3.4,0.08,0.2,2.2,2.4,2.2,247.0,539.0,0.458,40.0,122.0,0.328,207.0,417.0,0.496,0.495,84.0,128.0,0.6559999999999999,107.0,162.0,269.0,263.0,155.0,18.0,133.0,218.0,618.0,61,0
1993.0,Clifford Robinson,PF,26.0,POR,82.0,12.0,2575.0,18.8,0.517,0.058,0.311,6.8,16.5,11.5,11.8,1.8,4.0,10.2,27.0,2.5,4.3,6.8,0.127,0.0,1.7,1.8,2.4,632.0,1336.0,0.473,19.0,77.0,0.247,613.0,1259.0,0.487,0.48,287.0,416.0,0.69,165.0,377.0,542.0,182.0,98.0,163.0,173.0,287.0,1570.0,9,5
1993.0,David Robinson*,C,27.0,SAS,82.0,82.0,3211.0,24.2,0.569,0.013,0.568,8.6,24.8,17.1,15.0,2.0,5.1,12.5,26.4,6.7,6.4,13.2,0.197,2.4,4.3,6.7,7.0,676.0,1348.0,0.501,3.0,17.0,0.17600000000000002,673.0,1331.0,0.506,0.503,561.0,766.0,0.732,229.0,727.0,956.0,301.0,127.0,264.0,241.0,239.0,1916.0,9,5
1993.0,Rumeal Robinson,PG,26.0,NJN,80.0,28.0,1585.0,13.7,0.464,0.08800000000000001,0.306,3.4,7.6,5.5,31.0,3.0,0.5,16.2,22.9,-0.2,2.1,1.9,0.059,-0.9,-0.2,-1.1,0.3,270.0,638.0,0.423,20.0,56.0,0.35700000000000004,250.0,582.0,0.43,0.439,112.0,195.0,0.574,49.0,110.0,159.0,323.0,96.0,12.0,140.0,169.0,672.0,62,0
1993.0,Dennis Rodman*,PF,31.0,DET,62.0,55.0,2410.0,13.6,0.467,0.17,0.38,16.1,36.8,26.0,5.6,1.0,1.2,17.1,10.7,1.4,4.1,5.5,0.11,-2.0,2.8,0.8,1.7,183.0,429.0,0.4270000000000001,15.0,73.0,0.205,168.0,356.0,0.472,0.444,87.0,163.0,0.534,367.0,765.0,1132.0,102.0,48.0,45.0,103.0,201.0,468.0,63,0
1993.0,Tree Rollins,C,37.0,HOU,42.0,0.0,247.0,5.2,0.335,0.049,0.293,5.9,20.8,13.8,5.2,1.2,3.8,16.3,9.9,-0.3,0.4,0.2,0.03,-7.2,2.7,-4.5,-0.2,11.0,41.0,0.268,0.0,2.0,0.0,11.0,39.0,0.282,0.268,9.0,12.0,0.75,12.0,48.0,60.0,10.0,6.0,15.0,9.0,43.0,31.0,4,3
1993.0,Sean Rooks,C,23.0,DAL,72.0,68.0,2087.0,14.7,0.528,0.003,0.521,9.3,19.3,13.9,7.3,0.9,2.5,14.8,21.0,0.8,0.7,1.5,0.034,-1.8,-0.7,-2.5,-0.3,368.0,747.0,0.493,0.0,2.0,0.0,368.0,745.0,0.494,0.493,234.0,389.0,0.602,196.0,340.0,536.0,95.0,38.0,81.0,160.0,204.0,970.0,9,5
1993.0,Donald Royal,SF,26.0,ORL,77.0,0.0,1636.0,14.5,0.627,0.008,0.997,8.5,11.7,10.2,7.0,1.1,0.9,16.7,17.8,3.5,1.5,5.1,0.149,0.2,-0.2,0.0,0.8,194.0,391.0,0.496,0.0,3.0,0.0,194.0,388.0,0.5,0.496,318.0,390.0,0.815,116.0,179.0,295.0,80.0,36.0,25.0,113.0,179.0,706.0,64,0
1993.0,John Salley,PF,28.0,MIA,51.0,34.0,1422.0,11.9,0.5710000000000001,0.0,0.469,8.9,16.5,12.6,8.7,1.1,3.3,21.4,14.4,0.9,1.6,2.5,0.085,-1.6,2.3,0.7,1.0,154.0,307.0,0.502,0.0,0.0,0.0,154.0,307.0,0.502,0.502,115.0,144.0,0.799,113.0,200.0,313.0,83.0,32.0,70.0,101.0,192.0,423.0,65,0
1993.0,Jeff Sanders,PF,27.0,ATL,9.0,0.0,120.0,6.9,0.421,0.0,0.32,10.7,16.4,13.4,6.5,3.3,0.5,27.8,13.6,-0.2,0.1,-0.1,-0.02,-5.2,1.6,-3.6,0.0,10.0,25.0,0.4,0.0,0.0,0.0,10.0,25.0,0.4,0.4,4.0,8.0,0.5,12.0,17.0,29.0,6.0,8.0,1.0,11.0,16.0,24.0,4,3
1993.0,Mike Sanders,SF,32.0,CLE,53.0,51.0,1189.0,11.8,0.528,0.01,0.197,5.2,10.9,8.2,9.0,1.7,1.5,11.7,18.2,0.6,1.4,2.0,0.08,-1.9,0.2,-1.6,0.1,197.0,396.0,0.4970000000000001,1.0,4.0,0.25,196.0,392.0,0.5,0.499,59.0,78.0,0.7559999999999999,52.0,118.0,170.0,75.0,39.0,30.0,57.0,150.0,454.0,4,3
1993.0,Danny Schayes,C,33.0,MIL,70.0,7.0,1124.0,10.6,0.498,0.011,0.521,7.3,18.4,12.8,9.4,1.6,2.1,16.7,14.8,0.3,1.1,1.4,0.058,-3.7,0.8,-3.0,-0.3,105.0,263.0,0.399,0.0,3.0,0.0,105.0,260.0,0.404,0.399,112.0,137.0,0.818,72.0,177.0,249.0,78.0,36.0,36.0,65.0,148.0,322.0,66,0
1993.0,Steve Scheffler,C,25.0,SEA,29.0,5.0,166.0,13.1,0.564,0.0,0.5,10.4,15.0,12.7,4.1,1.8,0.4,7.9,16.1,0.4,0.2,0.6,0.163,-0.4,-1.5,-2.0,0.0,25.0,48.0,0.521,0.0,0.0,0.0,25.0,48.0,0.521,0.521,16.0,24.0,0.667,15.0,21.0,36.0,5.0,6.0,1.0,5.0,37.0,66.0,20,2
1993.0,Detlef Schrempf,PF,30.0,IND,82.0,60.0,3098.0,19.2,0.5710000000000001,0.048,0.602,7.5,19.9,13.8,23.2,1.3,0.6,15.0,22.1,7.6,2.9,10.4,0.161,3.2,0.9,4.1,4.8,517.0,1085.0,0.476,8.0,52.0,0.154,509.0,1033.0,0.493,0.48,525.0,653.0,0.804,210.0,570.0,780.0,493.0,79.0,27.0,243.0,305.0,1567.0,9,5
1993.0,Byron Scott,SG,31.0,LAL,58.0,53.0,1677.0,14.4,0.535,0.205,0.279,1.8,7.3,4.6,14.2,1.6,0.5,8.6,20.7,2.4,0.9,3.3,0.094,0.6,-1.9,-1.3,0.3,296.0,659.0,0.449,44.0,135.0,0.326,252.0,524.0,0.481,0.483,156.0,184.0,0.848,27.0,107.0,134.0,157.0,55.0,13.0,70.0,98.0,792.0,3,1
1993.0,Dennis Scott,SF,24.0,ORL,54.0,43.0,1759.0,13.2,0.527,0.35100000000000003,0.153,2.6,9.0,6.0,12.2,1.6,0.6,11.3,22.5,1.2,1.6,2.8,0.076,0.9,-0.8,0.1,0.9,329.0,763.0,0.431,108.0,268.0,0.403,221.0,495.0,0.446,0.502,92.0,117.0,0.7859999999999999,38.0,148.0,186.0,136.0,57.0,18.0,104.0,131.0,858.0,3,1
1993.0,Malik Sealy,SF,22.0,IND,58.0,2.0,672.0,12.7,0.469,0.097,0.232,9.9,8.4,9.1,10.7,2.7,0.7,14.2,25.8,-0.4,0.5,0.2,0.014,-1.9,-1.6,-3.6,-0.3,136.0,319.0,0.426,7.0,31.0,0.226,129.0,288.0,0.448,0.4370000000000001,51.0,74.0,0.6890000000000001,60.0,52.0,112.0,47.0,36.0,7.0,58.0,74.0,330.0,4,3
1993.0,Rony Seikaly,C,27.0,MIA,72.0,64.0,2456.0,18.0,0.557,0.009000000000000001,0.622,11.9,28.0,19.8,6.7,0.8,2.2,15.5,23.1,3.2,3.3,6.5,0.127,-0.8,0.1,-0.8,0.8,417.0,868.0,0.48,1.0,8.0,0.125,416.0,860.0,0.484,0.481,397.0,540.0,0.735,259.0,587.0,846.0,100.0,38.0,83.0,203.0,260.0,1232.0,9,5
1993.0,Brad Sellers,PF,30.0,MIN,54.0,4.0,533.0,8.4,0.459,0.008,0.3,6.1,12.5,9.4,12.8,0.6,1.3,15.5,14.5,-0.1,0.1,0.0,0.004,-4.5,-1.5,-6.0,-0.5,49.0,130.0,0.377,0.0,1.0,0.0,49.0,129.0,0.38,0.377,37.0,39.0,0.949,27.0,56.0,83.0,46.0,6.0,11.0,27.0,40.0,135.0,4,3
1993.0,Charles Shackleford,C,26.0,PHI,48.0,0.0,568.0,13.1,0.515,0.012,0.299,12.4,26.6,19.6,6.9,1.1,2.6,16.2,16.5,0.2,0.7,0.9,0.073,-3.6,0.2,-3.5,-0.2,80.0,164.0,0.488,0.0,2.0,0.0,80.0,162.0,0.494,0.488,31.0,49.0,0.633,65.0,140.0,205.0,26.0,13.0,25.0,36.0,92.0,191.0,4,3
1993.0,Brian Shaw,PG,26.0,MIA,68.0,45.0,1603.0,11.3,0.465,0.259,0.156,4.9,13.7,9.2,22.3,1.5,0.8,15.2,17.1,0.4,1.4,1.8,0.054000000000000006,-0.9,0.2,-0.7,0.5,197.0,501.0,0.393,43.0,130.0,0.331,154.0,371.0,0.415,0.436,61.0,78.0,0.782,70.0,187.0,257.0,235.0,48.0,19.0,96.0,163.0,498.0,67,0
1993.0,Lionel Simmons,SF,24.0,SAC,69.0,68.0,2502.0,15.5,0.508,0.01,0.345,6.7,15.7,11.0,18.8,1.8,0.9,13.9,23.0,1.6,2.2,3.8,0.07400000000000001,0.0,0.7,0.6,1.7,468.0,1055.0,0.444,1.0,11.0,0.091,467.0,1044.0,0.447,0.444,298.0,364.0,0.8190000000000001,156.0,339.0,495.0,312.0,95.0,38.0,196.0,197.0,1235.0,9,5
1993.0,Scott Skiles,PG,28.0,ORL,78.0,78.0,3086.0,15.2,0.581,0.264,0.364,2.0,8.2,5.3,34.8,1.4,0.0,20.5,18.1,5.6,2.4,8.0,0.125,2.2,-1.2,1.0,2.3,416.0,891.0,0.467,80.0,235.0,0.34,336.0,656.0,0.512,0.512,289.0,324.0,0.892,52.0,238.0,290.0,735.0,86.0,2.0,267.0,244.0,1201.0,3,1
1993.0,Charles Smith,SF,27.0,NYK,81.0,68.0,2172.0,14.9,0.542,0.003,0.48,9.0,13.0,11.1,10.2,1.1,3.0,14.3,21.5,2.3,4.3,6.6,0.146,-0.8,2.7,1.9,2.1,358.0,764.0,0.469,0.0,2.0,0.0,358.0,762.0,0.47,0.469,287.0,367.0,0.782,170.0,262.0,432.0,142.0,48.0,96.0,155.0,254.0,1003.0,9,5
1993.0,Chris Smith,SG,22.0,MIN,80.0,6.0,1266.0,11.1,0.508,0.048,0.415,3.1,6.0,4.6,23.2,1.9,0.8,16.6,14.4,0.7,0.4,1.1,0.042,-2.5,-2.1,-4.6,-0.8,125.0,289.0,0.433,2.0,14.0,0.14300000000000002,123.0,275.0,0.447,0.436,95.0,120.0,0.792,32.0,64.0,96.0,196.0,48.0,16.0,68.0,96.0,347.0,68,0
1993.0,Doug Smith,PF,23.0,DAL,61.0,42.0,1524.0,10.3,0.454,0.006,0.111,6.3,18.0,11.6,11.1,1.5,2.2,14.1,21.7,-1.6,0.7,-0.9,-0.029,-3.8,-0.3,-4.1,-0.8,289.0,666.0,0.434,0.0,4.0,0.0,289.0,662.0,0.4370000000000001,0.434,56.0,74.0,0.757,96.0,232.0,328.0,104.0,48.0,52.0,115.0,280.0,634.0,7,0
1993.0,Kenny Smith,PG,27.0,HOU,82.0,82.0,2422.0,17.1,0.633,0.294,0.298,1.4,5.8,3.7,27.5,1.7,0.2,16.2,18.3,6.0,2.1,8.2,0.162,2.6,-2.0,0.6,1.6,387.0,744.0,0.52,96.0,219.0,0.438,291.0,525.0,0.5539999999999999,0.585,195.0,222.0,0.878,28.0,132.0,160.0,446.0,80.0,7.0,163.0,110.0,1065.0,3,1
1993.0,LaBradford Smith,SG,23.0,WSB,69.0,33.0,1546.0,10.9,0.51,0.04,0.223,1.9,5.9,3.9,18.1,1.8,0.4,14.1,20.0,0.1,0.6,0.8,0.024,-2.4,-2.2,-4.6,-1.0,261.0,570.0,0.458,8.0,23.0,0.348,253.0,547.0,0.463,0.465,109.0,127.0,0.858,26.0,80.0,106.0,186.0,58.0,9.0,103.0,178.0,639.0,69,0
1993.0,Larry Smith,PF,35.0,SAS,66.0,13.0,833.0,7.1,0.44,0.0,0.253,14.8,21.7,18.4,4.3,1.4,1.2,28.7,7.2,0.0,1.2,1.2,0.069,-3.0,1.9,-1.1,0.2,38.0,87.0,0.4370000000000001,0.0,0.0,0.0,38.0,87.0,0.4370000000000001,0.4370000000000001,9.0,22.0,0.409,103.0,165.0,268.0,28.0,23.0,16.0,39.0,133.0,85.0,4,3
1993.0,Steve Smith,SG,23.0,MIA,48.0,43.0,1610.0,16.1,0.5429999999999999,0.213,0.318,3.9,10.3,7.0,27.3,1.6,0.7,15.5,22.5,2.3,1.2,3.5,0.104,2.2,-0.7,1.6,1.4,279.0,619.0,0.451,53.0,132.0,0.402,226.0,487.0,0.464,0.494,155.0,197.0,0.787,56.0,141.0,197.0,267.0,50.0,16.0,129.0,148.0,766.0,3,1
1993.0,Tony Smith,SG,24.0,LAL,55.0,9.0,752.0,15.2,0.53,0.04,0.298,6.9,6.3,6.6,12.7,3.3,0.6,11.4,20.0,0.8,0.7,1.5,0.098,-0.1,-0.4,-0.5,0.3,133.0,275.0,0.484,2.0,11.0,0.182,131.0,264.0,0.496,0.487,62.0,82.0,0.7559999999999999,46.0,41.0,87.0,63.0,50.0,7.0,40.0,72.0,330.0,20,2
1993.0,Rik Smits,C,26.0,IND,81.0,81.0,2072.0,14.8,0.517,0.0,0.224,6.7,16.0,11.4,9.5,0.7,2.3,11.6,25.8,1.1,1.6,2.7,0.064,-1.7,-1.4,-3.1,-0.6,494.0,1017.0,0.486,0.0,0.0,0.0,494.0,1017.0,0.486,0.486,167.0,228.0,0.732,126.0,306.0,432.0,121.0,27.0,75.0,147.0,285.0,1155.0,9,5
1993.0,Andre Spencer,SF,28.0,TOT,20.0,1.0,422.0,12.8,0.501,0.012,0.331,10.1,11.4,10.7,8.2,1.9,1.0,12.2,20.6,0.3,0.3,0.6,0.071,-1.2,-0.7,-1.9,0.0,73.0,163.0,0.448,0.0,2.0,0.0,73.0,161.0,0.453,0.448,41.0,54.0,0.759,38.0,43.0,81.0,24.0,17.0,7.0,26.0,64.0,187.0,4,3
1993.0,Elmore Spencer,C,23.0,LAC,44.0,4.0,280.0,9.7,0.541,0.0,0.39,6.6,18.0,12.3,3.9,1.4,4.1,21.3,17.9,-0.2,0.4,0.2,0.026,-5.5,0.4,-5.2,-0.2,44.0,82.0,0.537,0.0,0.0,0.0,44.0,82.0,0.537,0.537,16.0,32.0,0.5,17.0,45.0,62.0,8.0,8.0,18.0,26.0,54.0,104.0,4,3
1993.0,Felton Spencer,C,25.0,MIN,71.0,48.0,1296.0,8.2,0.52,0.0,0.562,12.6,17.5,15.0,1.9,0.9,3.2,19.9,12.1,0.1,0.9,1.1,0.039,-4.1,-0.5,-4.6,-0.9,105.0,226.0,0.465,0.0,0.0,0.0,105.0,226.0,0.465,0.465,83.0,127.0,0.654,134.0,190.0,324.0,17.0,23.0,66.0,70.0,243.0,293.0,4,3
1993.0,Latrell Sprewell,SG,22.0,GSW,77.0,69.0,2741.0,13.6,0.541,0.205,0.292,3.2,7.8,5.5,15.2,2.2,1.2,15.7,19.3,2.2,1.8,4.0,0.07,0.4,0.1,0.5,1.7,449.0,968.0,0.464,73.0,198.0,0.369,376.0,770.0,0.488,0.502,211.0,283.0,0.746,79.0,192.0,271.0,295.0,126.0,52.0,203.0,166.0,1182.0,3,1
1993.0,John Starks,SG,27.0,NYK,80.0,51.0,2477.0,16.3,0.519,0.28,0.276,2.5,6.5,4.6,27.3,1.9,0.3,11.4,26.5,3.3,4.2,7.5,0.145,2.8,-0.1,2.6,2.9,513.0,1199.0,0.428,108.0,336.0,0.321,405.0,863.0,0.469,0.473,263.0,331.0,0.795,54.0,150.0,204.0,404.0,91.0,12.0,173.0,234.0,1397.0,3,1
1993.0,Larry Stewart,SF,24.0,WSB,81.0,8.0,1823.0,14.5,0.589,0.004,0.449,9.3,14.4,11.8,12.0,1.3,1.0,18.5,19.3,1.8,1.1,2.9,0.077,-0.5,-0.5,-1.0,0.5,306.0,564.0,0.5429999999999999,0.0,2.0,0.0,306.0,562.0,0.544,0.5429999999999999,184.0,253.0,0.727,154.0,229.0,383.0,146.0,47.0,29.0,153.0,191.0,796.0,9,5
1993.0,Bryant Stith,SG,22.0,DEN,39.0,12.0,865.0,11.7,0.525,0.014,0.428,4.7,10.5,7.6,8.1,1.3,0.3,11.8,17.6,0.8,0.8,1.6,0.09,-2.0,-0.9,-2.8,-0.2,124.0,278.0,0.446,0.0,4.0,0.0,124.0,274.0,0.453,0.446,99.0,119.0,0.8320000000000001,39.0,85.0,124.0,49.0,24.0,5.0,44.0,82.0,347.0,4,3
1993.0,John Stockton*,PG,30.0,UTA,82.0,82.0,2863.0,21.3,0.584,0.208,0.408,2.6,6.7,4.7,49.8,3.5,0.5,20.1,19.9,7.2,3.4,10.6,0.177,4.3,-1.0,3.3,3.8,437.0,899.0,0.486,72.0,187.0,0.385,365.0,712.0,0.513,0.526,293.0,367.0,0.7979999999999999,64.0,173.0,237.0,987.0,199.0,21.0,266.0,224.0,1239.0,3,1
1993.0,Rod Strickland,SG,26.0,POR,78.0,35.0,2474.0,18.0,0.5429999999999999,0.037000000000000005,0.467,5.1,9.9,7.4,33.0,2.6,0.6,16.8,19.7,4.1,3.3,7.4,0.14300000000000002,1.9,0.9,2.8,3.0,396.0,816.0,0.485,4.0,30.0,0.133,392.0,786.0,0.499,0.488,273.0,381.0,0.7170000000000001,120.0,217.0,337.0,559.0,131.0,24.0,199.0,153.0,1069.0,3,1
1993.0,Derek Strong,PF,24.0,MIL,23.0,0.0,339.0,20.0,0.603,0.087,0.924,13.5,25.8,19.6,5.9,1.6,0.2,9.1,18.0,1.1,0.4,1.5,0.208,0.6,-2.0,-1.4,0.1,42.0,92.0,0.457,4.0,8.0,0.5,38.0,84.0,0.452,0.478,68.0,85.0,0.8,40.0,75.0,115.0,14.0,11.0,1.0,13.0,20.0,156.0,70,0
1993.0,Lamont Strothers,SG,24.0,DAL,9.0,0.0,138.0,5.7,0.382,0.213,0.16399999999999998,5.8,5.2,5.5,14.3,2.8,0.0,18.7,23.7,-0.4,0.0,-0.4,-0.141,-5.2,-2.5,-7.7,-0.2,20.0,61.0,0.328,2.0,13.0,0.154,18.0,48.0,0.375,0.344,8.0,10.0,0.8,8.0,6.0,14.0,13.0,8.0,0.0,15.0,13.0,50.0,4,3
1993.0,Isiah Thomas*,PG,31.0,DET,79.0,79.0,2922.0,15.4,0.488,0.157,0.3,2.6,6.4,4.4,35.6,2.2,0.4,16.6,25.1,1.4,2.3,3.7,0.061,1.0,-0.8,0.2,1.6,526.0,1258.0,0.418,61.0,198.0,0.308,465.0,1060.0,0.439,0.442,278.0,377.0,0.737,71.0,161.0,232.0,671.0,123.0,18.0,284.0,222.0,1391.0,3,1
1993.0,LaSalle Thompson,C,31.0,IND,63.0,0.0,730.0,10.7,0.515,0.005,0.183,8.4,18.3,13.4,6.6,2.0,2.1,17.0,16.1,0.1,0.9,0.9,0.061,-3.0,0.6,-2.4,-0.1,104.0,213.0,0.488,0.0,1.0,0.0,104.0,212.0,0.491,0.488,29.0,39.0,0.7440000000000001,55.0,123.0,178.0,34.0,29.0,24.0,47.0,137.0,237.0,4,3
1993.0,Otis Thorpe,PF,30.0,HOU,72.0,69.0,2357.0,14.6,0.575,0.003,0.371,11.2,16.8,14.2,11.5,0.9,0.5,15.8,17.9,3.2,2.8,6.0,0.122,0.5,0.7,1.2,1.9,385.0,690.0,0.5579999999999999,0.0,2.0,0.0,385.0,688.0,0.56,0.5579999999999999,153.0,256.0,0.598,219.0,370.0,589.0,181.0,43.0,19.0,151.0,234.0,923.0,24,0
1993.0,Sedale Threatt,PG,31.0,LAL,82.0,82.0,2893.0,16.5,0.55,0.052000000000000005,0.209,1.8,9.0,5.4,29.8,2.4,0.2,13.4,19.2,4.8,2.3,7.1,0.117,1.6,-0.8,0.8,2.0,522.0,1028.0,0.508,14.0,53.0,0.264,508.0,975.0,0.521,0.515,177.0,215.0,0.823,47.0,226.0,273.0,564.0,142.0,11.0,173.0,248.0,1235.0,3,1
1993.0,Wayman Tisdale,PF,28.0,SAC,76.0,75.0,2283.0,15.7,0.54,0.002,0.21600000000000005,5.9,18.9,12.2,7.7,1.1,1.3,9.1,23.0,2.5,1.9,4.5,0.094,-0.9,-1.1,-2.0,0.0,544.0,1068.0,0.509,0.0,2.0,0.0,544.0,1066.0,0.51,0.509,175.0,231.0,0.758,127.0,373.0,500.0,108.0,52.0,47.0,117.0,277.0,1263.0,9,5
1993.0,Tom Tolbert,PF,27.0,ORL,72.0,61.0,1838.0,10.4,0.552,0.062,0.37,8.7,16.2,12.7,7.1,0.9,0.7,19.0,15.3,0.8,1.9,2.7,0.071,-1.7,0.6,-1.0,0.4,226.0,454.0,0.498,9.0,28.0,0.321,217.0,426.0,0.509,0.508,122.0,168.0,0.726,133.0,279.0,412.0,91.0,33.0,21.0,124.0,192.0,583.0,17,4
1993.0,Trent Tucker,SG,33.0,CHI,69.0,0.0,909.0,14.1,0.584,0.444,0.075,2.0,7.2,4.5,12.5,1.4,0.4,5.6,15.4,2.2,0.7,2.8,0.15,1.6,-2.5,-1.0,0.2,143.0,295.0,0.485,52.0,131.0,0.397,91.0,164.0,0.555,0.573,18.0,22.0,0.818,16.0,55.0,71.0,82.0,24.0,6.0,18.0,65.0,356.0,18,0
1993.0,Jeff Turner,PF,30.0,ORL,75.0,20.0,1479.0,11.4,0.564,0.039,0.16,6.0,12.8,9.6,10.9,0.6,0.4,12.4,15.5,1.8,1.2,3.1,0.1,-0.7,-0.3,-1.1,0.4,231.0,437.0,0.529,10.0,17.0,0.588,221.0,420.0,0.526,0.54,56.0,70.0,0.8,74.0,178.0,252.0,107.0,19.0,9.0,66.0,192.0,528.0,71,0
1993.0,Kiki Vandeweghe,SF,34.0,LAC,41.0,3.0,494.0,13.8,0.547,0.182,0.325,2.7,8.2,5.4,7.1,1.3,0.9,7.9,21.0,0.8,0.3,1.1,0.107,-0.9,-2.9,-3.8,-0.2,92.0,203.0,0.453,12.0,37.0,0.324,80.0,166.0,0.482,0.483,58.0,66.0,0.879,12.0,36.0,48.0,25.0,13.0,7.0,20.0,45.0,254.0,4,3
1993.0,Loy Vaught,PF,24.0,LAC,79.0,4.0,1653.0,16.0,0.5429999999999999,0.006,0.252,10.9,22.2,16.5,4.6,1.6,1.5,10.8,19.1,2.0,2.2,4.2,0.123,-1.4,-0.7,-2.1,0.0,313.0,616.0,0.508,1.0,4.0,0.25,312.0,612.0,0.51,0.509,116.0,155.0,0.748,164.0,328.0,492.0,54.0,55.0,39.0,83.0,172.0,743.0,72,0
1993.0,Darrell Walker,PG-SG,31.0,TOT,37.0,2.0,511.0,6.4,0.3720000000000001,0.01,0.271,4.8,8.3,6.5,13.1,3.3,0.3,18.9,11.2,-0.4,0.6,0.2,0.019,-4.5,1.7,-2.8,-0.1,34.0,96.0,0.354,0.0,1.0,0.0,34.0,95.0,0.358,0.354,12.0,26.0,0.462,22.0,36.0,58.0,53.0,33.0,2.0,25.0,63.0,80.0,4,3
1993.0,Clarence Weatherspoon,SF,22.0,PHI,82.0,82.0,2654.0,15.0,0.519,0.004,0.387,7.3,16.7,12.0,8.9,1.6,1.5,12.5,22.4,1.1,2.2,3.3,0.059,-1.7,-0.2,-1.9,0.1,494.0,1053.0,0.469,1.0,4.0,0.25,493.0,1049.0,0.47,0.47,291.0,408.0,0.713,179.0,410.0,589.0,147.0,85.0,67.0,176.0,188.0,1280.0,9,5
1993.0,Spud Webb,PG,29.0,SAC,69.0,68.0,2335.0,14.4,0.536,0.171,0.416,2.0,7.4,4.6,29.3,2.1,0.2,17.2,19.7,2.5,1.4,3.9,0.08,0.5,-1.6,-1.1,0.6,342.0,789.0,0.433,37.0,135.0,0.274,305.0,654.0,0.466,0.457,279.0,328.0,0.851,44.0,149.0,193.0,481.0,104.0,6.0,194.0,177.0,1000.0,3,1
1993.0,Robert Werdann,C,22.0,DEN,28.0,0.0,149.0,7.7,0.365,0.017,0.525,16.2,20.7,18.5,6.5,1.9,1.6,14.2,23.1,-0.3,0.2,-0.1,-0.02,-6.1,-1.0,-7.0,-0.2,18.0,59.0,0.305,0.0,1.0,0.0,18.0,58.0,0.31,0.305,17.0,31.0,0.5479999999999999,23.0,29.0,52.0,7.0,6.0,4.0,12.0,38.0,53.0,4,3
1993.0,Doug West,SG,25.0,MIN,80.0,80.0,3104.0,14.2,0.5589999999999999,0.018000000000000002,0.237,3.5,6.1,4.8,13.6,1.4,0.4,10.7,22.1,3.8,0.4,4.3,0.066,0.7,-2.2,-1.6,0.4,646.0,1249.0,0.517,2.0,23.0,0.087,644.0,1226.0,0.525,0.518,249.0,296.0,0.841,89.0,158.0,247.0,235.0,85.0,21.0,165.0,279.0,1543.0,9,5
1993.0,Mark West,C,32.0,PHO,82.0,82.0,1558.0,11.4,0.609,0.0,0.5820000000000001,11.2,21.3,16.4,2.4,0.5,4.0,20.6,11.9,1.2,2.2,3.4,0.104,-2.3,1.0,-1.3,0.3,175.0,285.0,0.614,0.0,0.0,0.0,175.0,285.0,0.614,0.614,86.0,166.0,0.518,153.0,305.0,458.0,29.0,16.0,103.0,93.0,243.0,436.0,17,4
1993.0,Randy White,PF,25.0,DAL,64.0,20.0,1433.0,13.2,0.498,0.078,0.341,10.7,17.9,14.0,5.4,2.1,2.0,14.8,20.7,0.0,0.8,0.8,0.026,-2.3,-0.7,-3.0,-0.4,235.0,540.0,0.435,10.0,42.0,0.238,225.0,498.0,0.452,0.444,138.0,184.0,0.75,154.0,216.0,370.0,49.0,63.0,45.0,108.0,226.0,618.0,73,0
1993.0,Morlon Wiley,PG,26.0,TOT,58.0,15.0,995.0,9.9,0.495,0.606,0.102,3.0,7.3,5.0,24.9,3.2,0.2,23.2,14.2,0.0,0.5,0.5,0.023,-1.1,-1.3,-2.4,-0.1,96.0,254.0,0.378,54.0,154.0,0.35100000000000003,42.0,100.0,0.42,0.484,17.0,26.0,0.654,29.0,62.0,91.0,181.0,65.0,3.0,80.0,127.0,263.0,18,0
1993.0,Dominique Wilkins*,SF,33.0,ATL,71.0,70.0,2647.0,24.3,0.57,0.199,0.396,7.6,12.9,10.1,14.9,1.3,0.6,9.0,31.9,9.1,1.4,10.5,0.191,5.9,-2.4,3.6,3.7,741.0,1584.0,0.468,120.0,316.0,0.38,621.0,1268.0,0.49,0.506,519.0,627.0,0.828,187.0,295.0,482.0,227.0,70.0,27.0,184.0,116.0,2121.0,3,1
1993.0,Eddie Lee,PF,30.0,PHI,26.0,0.0,192.0,21.2,0.602,0.021,0.804,7.9,14.6,11.3,2.0,1.8,0.3,11.5,32.6,0.3,0.1,0.5,0.122,-1.0,-6.3,-7.3,-0.3,55.0,97.0,0.5670000000000001,0.0,2.0,0.0,55.0,95.0,0.579,0.5670000000000001,48.0,78.0,0.615,14.0,26.0,40.0,2.0,7.0,1.0,17.0,34.0,158.0,20,2
1993.0,Gerald Wilkins,SF,29.0,CLE,80.0,35.0,2079.0,12.9,0.508,0.073,0.227,4.3,7.4,5.9,12.8,1.9,0.5,9.7,20.7,1.4,2.1,3.5,0.08,-1.0,-0.9,-1.9,0.1,361.0,797.0,0.453,16.0,58.0,0.276,345.0,739.0,0.467,0.463,152.0,181.0,0.84,74.0,140.0,214.0,183.0,78.0,18.0,94.0,154.0,890.0,74,0
1993.0,Buck Williams,PF,32.0,POR,82.0,82.0,2498.0,11.9,0.545,0.002,0.405,9.9,20.7,15.1,4.1,1.6,1.5,14.0,11.9,2.3,3.8,6.1,0.117,-1.8,2.0,0.3,1.4,270.0,528.0,0.511,0.0,1.0,0.0,270.0,527.0,0.512,0.511,138.0,214.0,0.645,232.0,458.0,690.0,75.0,81.0,61.0,101.0,270.0,678.0,24,0
1993.0,Corey Williams,PG,22.0,CHI,35.0,0.0,242.0,9.3,0.428,0.035,0.259,8.8,5.9,7.4,12.7,0.9,0.6,10.4,18.9,0.1,0.1,0.2,0.042,-3.1,-2.6,-5.7,-0.2,31.0,85.0,0.365,1.0,3.0,0.333,30.0,82.0,0.366,0.371,18.0,22.0,0.818,19.0,12.0,31.0,23.0,4.0,2.0,11.0,24.0,81.0,4,3
1993.0,Herb Williams,C,34.0,NYK,55.0,0.0,571.0,10.1,0.429,0.0,0.12,8.8,19.3,14.2,4.9,1.9,3.3,10.7,15.6,-0.3,1.4,1.1,0.095,-5.1,3.3,-1.8,0.0,72.0,175.0,0.411,0.0,0.0,0.0,72.0,175.0,0.411,0.411,14.0,21.0,0.667,44.0,102.0,146.0,19.0,21.0,28.0,22.0,78.0,158.0,4,3
1993.0,Hot Rod,C,30.0,CLE,67.0,13.0,2055.0,13.7,0.535,0.0,0.529,7.4,15.4,11.6,10.1,1.2,3.1,14.4,17.4,1.7,2.8,4.5,0.105,-1.4,1.9,0.5,1.3,263.0,560.0,0.47,0.0,0.0,0.0,263.0,560.0,0.47,0.47,212.0,296.0,0.716,127.0,288.0,415.0,152.0,48.0,105.0,116.0,171.0,738.0,9,5
1993.0,Jayson Williams,PF,24.0,NJN,12.0,2.0,139.0,10.6,0.454,0.0,0.391,17.2,15.0,16.1,0.0,1.4,1.8,12.9,18.7,0.0,0.2,0.2,0.052000000000000005,-4.8,-4.0,-8.9,-0.2,21.0,46.0,0.457,0.0,0.0,0.0,21.0,46.0,0.457,0.457,7.0,18.0,0.389,22.0,19.0,41.0,0.0,4.0,4.0,8.0,24.0,49.0,4,3
1993.0,John Williams,SF,26.0,LAC,74.0,8.0,1638.0,10.5,0.461,0.111,0.27,5.9,15.6,10.7,11.3,2.5,0.9,12.9,15.4,-0.2,2.1,1.9,0.055,-2.3,1.3,-1.0,0.4,205.0,477.0,0.43,12.0,53.0,0.226,193.0,424.0,0.455,0.442,70.0,129.0,0.5429999999999999,88.0,228.0,316.0,142.0,83.0,23.0,79.0,188.0,492.0,75,0
1993.0,Kenny Williams,SF,23.0,IND,57.0,0.0,844.0,17.7,0.5579999999999999,0.011,0.241,13.4,16.2,14.8,6.7,1.2,3.4,8.2,17.0,1.8,0.8,2.7,0.151,0.8,0.1,0.9,0.6,150.0,282.0,0.532,0.0,3.0,0.0,150.0,279.0,0.5379999999999999,0.532,48.0,68.0,0.706,102.0,126.0,228.0,38.0,21.0,45.0,28.0,87.0,348.0,17,4
1993.0,Lorenzo Williams,PF-C,23.0,TOT,27.0,7.0,179.0,10.9,0.461,0.0,0.194,10.9,23.4,17.3,3.6,1.4,5.9,17.0,11.4,0.0,0.3,0.3,0.07400000000000001,-4.6,2.8,-1.9,0.0,17.0,36.0,0.472,0.0,0.0,0.0,17.0,36.0,0.472,0.472,2.0,7.0,0.28600000000000003,17.0,38.0,55.0,5.0,5.0,17.0,8.0,29.0,36.0,4,3
1993.0,Micheal Williams,PG,26.0,MIN,76.0,76.0,2661.0,19.0,0.579,0.135,0.584,3.8,8.5,6.2,39.2,3.2,0.6,18.6,20.4,5.8,1.8,7.6,0.138,3.2,-0.9,2.3,2.9,353.0,791.0,0.446,26.0,107.0,0.243,327.0,684.0,0.478,0.463,419.0,462.0,0.907,84.0,189.0,273.0,661.0,165.0,23.0,227.0,268.0,1151.0,3,1
1993.0,Reggie Williams,SF,28.0,DEN,79.0,79.0,2722.0,15.8,0.517,0.105,0.254,5.1,11.6,8.3,16.7,2.2,1.7,13.0,22.3,2.4,3.6,5.9,0.105,0.7,1.2,1.9,2.6,535.0,1167.0,0.458,33.0,122.0,0.27,502.0,1045.0,0.48,0.473,238.0,296.0,0.804,132.0,296.0,428.0,295.0,126.0,76.0,194.0,284.0,1341.0,9,5
1993.0,Scott Williams,PF,24.0,CHI,71.0,5.0,1369.0,14.6,0.513,0.02,0.354,13.7,24.7,19.0,6.6,2.1,3.2,15.1,15.3,1.4,2.5,3.9,0.136,-1.7,2.0,0.3,0.8,166.0,356.0,0.466,0.0,7.0,0.0,166.0,349.0,0.476,0.466,90.0,126.0,0.7140000000000001,168.0,283.0,451.0,68.0,55.0,66.0,73.0,230.0,422.0,76,0
1993.0,Walt Williams,SF,22.0,SAC,59.0,26.0,1673.0,15.0,0.524,0.232,0.3670000000000001,7.4,10.4,8.8,16.7,1.9,1.1,15.8,27.7,0.4,1.2,1.6,0.047,1.0,-1.1,-0.1,0.8,358.0,823.0,0.435,61.0,191.0,0.319,297.0,632.0,0.47,0.472,224.0,302.0,0.742,115.0,150.0,265.0,178.0,66.0,29.0,179.0,209.0,1001.0,3,1
1993.0,Kevin Willis,PF,30.0,ATL,80.0,80.0,2878.0,17.4,0.531,0.024,0.246,12.5,27.9,19.9,8.9,1.2,0.9,13.6,22.5,3.0,3.0,6.0,0.099,-0.3,-0.1,-0.4,1.2,616.0,1218.0,0.506,7.0,29.0,0.241,609.0,1189.0,0.512,0.509,196.0,300.0,0.653,335.0,693.0,1028.0,165.0,68.0,41.0,213.0,264.0,1435.0,9,5
1993.0,Kennard Winchester,SG,26.0,HOU,39.0,0.0,340.0,11.2,0.481,0.13699999999999998,0.158,6.0,10.1,8.2,5.9,1.5,1.8,9.2,21.3,0.0,0.4,0.4,0.054000000000000006,-3.5,-1.5,-5.0,-0.3,61.0,139.0,0.439,4.0,19.0,0.211,57.0,120.0,0.475,0.453,17.0,22.0,0.773,17.0,32.0,49.0,13.0,10.0,10.0,15.0,40.0,143.0,4,3
1993.0,David Wingate,SF,29.0,CHH,72.0,55.0,1471.0,11.5,0.574,0.018000000000000002,0.318,3.8,8.7,6.4,16.2,2.1,0.3,18.9,13.2,1.3,1.0,2.3,0.075,-0.8,0.1,-0.7,0.5,180.0,336.0,0.536,1.0,6.0,0.16699999999999998,179.0,330.0,0.542,0.537,79.0,107.0,0.738,49.0,125.0,174.0,183.0,66.0,9.0,89.0,135.0,440.0,77,0
1993.0,Joe Wolf,C,28.0,TOT,23.0,0.0,165.0,11.9,0.519,0.023,0.364,9.1,23.2,15.9,4.2,2.1,0.4,12.1,14.5,0.1,0.3,0.4,0.118,-3.6,-0.1,-3.7,-0.1,20.0,44.0,0.455,0.0,1.0,0.0,20.0,43.0,0.465,0.455,13.0,16.0,0.813,14.0,34.0,48.0,5.0,7.0,1.0,7.0,24.0,53.0,4,3
1993.0,David Wood,PF,28.0,SAS,64.0,2.0,598.0,8.7,0.5489999999999999,0.179,0.47,7.6,10.8,9.3,7.6,1.1,1.2,17.0,12.5,0.5,0.5,1.0,0.08199999999999999,-1.7,0.1,-1.6,0.1,52.0,117.0,0.444,5.0,21.0,0.238,47.0,96.0,0.49,0.466,46.0,55.0,0.836,38.0,59.0,97.0,34.0,13.0,12.0,29.0,93.0,155.0,4,3
1993.0,Randy Woods,PG,22.0,LAC,41.0,1.0,174.0,12.3,0.439,0.212,0.394,3.8,5.1,4.5,30.1,3.9,0.4,17.1,22.1,-0.1,0.2,0.1,0.037000000000000005,-2.1,-1.7,-3.7,-0.1,23.0,66.0,0.348,3.0,14.0,0.214,20.0,52.0,0.385,0.371,19.0,26.0,0.731,6.0,8.0,14.0,40.0,14.0,1.0,16.0,26.0,68.0,4,3
1993.0,Orlando Woolridge,SF,33.0,TOT,58.0,47.0,1555.0,13.4,0.516,0.015,0.295,5.9,7.3,6.6,11.5,0.9,1.1,10.5,20.8,1.5,0.8,2.3,0.07200000000000001,-0.7,-0.6,-1.3,0.3,289.0,599.0,0.482,0.0,9.0,0.0,289.0,590.0,0.49,0.482,120.0,177.0,0.6779999999999999,87.0,98.0,185.0,115.0,27.0,27.0,79.0,122.0,698.0,78,0
1993.0,James Worthy*,SF,31.0,LAL,82.0,69.0,2359.0,15.6,0.494,0.097,0.185,3.5,8.5,6.0,19.1,1.9,0.7,10.0,24.9,1.4,1.6,3.0,0.06,-0.1,-1.5,-1.6,0.2,510.0,1142.0,0.447,30.0,111.0,0.27,480.0,1031.0,0.466,0.46,171.0,211.0,0.81,73.0,174.0,247.0,278.0,92.0,27.0,137.0,87.0,1221.0,3,1
1993.0,Danny Young,PG,30.0,DET,65.0,2.0,836.0,10.4,0.519,0.407,0.192,1.6,4.7,3.1,19.2,1.9,0.4,14.2,10.8,0.9,0.5,1.4,0.081,-1.8,-0.9,-2.7,-0.2,69.0,167.0,0.413,22.0,68.0,0.324,47.0,99.0,0.475,0.479,28.0,32.0,0.875,13.0,34.0,47.0,119.0,31.0,5.0,30.0,36.0,188.0,4,3
